dataset,instance,seed,checkpoint_s,score_at_checkpoint,progress_to_final_improvement
synthetic,input/synthetic/synthetic_60.txt,67,0,18662994.0,0.0
synthetic,input/synthetic/synthetic_60.txt,67,30,18662994.0,0.0
synthetic,input/synthetic/synthetic_60.txt,67,60,18662994.0,0.0
synthetic,input/synthetic/synthetic_60.txt,67,120,18665084.0,0.40355280942266847
synthetic,input/synthetic/synthetic_60.txt,67,300,18668173.0,1.0
synthetic,input/synthetic/synthetic_60.txt,67,600,18668173.0,1.0
synthetic,input/synthetic/synthetic_60.txt,12,0,18670402.0,
synthetic,input/synthetic/synthetic_60.txt,12,30,18670402.0,
synthetic,input/synthetic/synthetic_60.txt,12,60,18670402.0,
synthetic,input/synthetic/synthetic_60.txt,12,120,18670402.0,
synthetic,input/synthetic/synthetic_60.txt,12,300,18670402.0,
synthetic,input/synthetic/synthetic_60.txt,12,600,18670402.0,
synthetic,input/synthetic/synthetic_60.txt,1,0,18662994.0,0.0
synthetic,input/synthetic/synthetic_60.txt,1,30,18662994.0,0.0
synthetic,input/synthetic/synthetic_60.txt,1,60,18662994.0,0.0
synthetic,input/synthetic/synthetic_60.txt,1,120,18663596.0,0.07767741935483871
synthetic,input/synthetic/synthetic_60.txt,1,300,18668442.0,0.7029677419354838
synthetic,input/synthetic/synthetic_60.txt,1,600,18670744.0,1.0
synthetic,input/synthetic/synthetic_60.txt,23,0,18662994.0,0.0
synthetic,input/synthetic/synthetic_60.txt,23,30,18663563.0,0.0683155240725177
synthetic,input/synthetic/synthetic_60.txt,23,60,18665634.0,0.3169648217072878
synthetic,input/synthetic/synthetic_60.txt,23,120,18666702.0,0.4451914995797815
synthetic,input/synthetic/synthetic_60.txt,23,300,18668435.0,0.6532596950414216
synthetic,input/synthetic/synthetic_60.txt,23,600,18671323.0,1.0
synthetic,input/synthetic/synthetic_60.txt,34,0,18662994.0,0.0
synthetic,input/synthetic/synthetic_60.txt,34,30,18663714.0,1.0
synthetic,input/synthetic/synthetic_60.txt,34,60,18663714.0,1.0
synthetic,input/synthetic/synthetic_60.txt,34,120,18663714.0,1.0
synthetic,input/synthetic/synthetic_60.txt,34,300,18663714.0,1.0
synthetic,input/synthetic/synthetic_60.txt,34,600,18663714.0,1.0
synthetic,input/synthetic/synthetic_60.txt,78,0,18670402.0,0.0
synthetic,input/synthetic/synthetic_60.txt,78,30,18670402.0,0.0
synthetic,input/synthetic/synthetic_60.txt,78,60,18670515.0,1.0
synthetic,input/synthetic/synthetic_60.txt,78,120,18670515.0,1.0
synthetic,input/synthetic/synthetic_60.txt,78,300,18670515.0,1.0
synthetic,input/synthetic/synthetic_60.txt,78,600,18670515.0,1.0
synthetic,input/synthetic/synthetic_60.txt,45,0,18662994.0,0.0
synthetic,input/synthetic/synthetic_60.txt,45,30,18663236.0,0.015814926153443994
synthetic,input/synthetic/synthetic_60.txt,45,60,18663236.0,0.015814926153443994
synthetic,input/synthetic/synthetic_60.txt,45,120,18665400.0,0.15723434845118286
synthetic,input/synthetic/synthetic_60.txt,45,300,18673633.0,0.6952685923408705
synthetic,input/synthetic/synthetic_60.txt,45,600,18678296.0,1.0
synthetic,input/synthetic/synthetic_60.txt,56,0,18662994.0,0.0
synthetic,input/synthetic/synthetic_60.txt,56,30,18662994.0,0.0
synthetic,input/synthetic/synthetic_60.txt,56,60,18662994.0,0.0
synthetic,input/synthetic/synthetic_60.txt,56,120,18663079.0,0.01157880397765972
synthetic,input/synthetic/synthetic_60.txt,56,300,18667074.0,0.5557825909276666
synthetic,input/synthetic/synthetic_60.txt,56,600,18670335.0,1.0
synthetic,input/synthetic/synthetic_20.txt,1,0,29666098.0,0.0
synthetic,input/synthetic/synthetic_20.txt,1,30,29684875.0,0.6911185542346057
synthetic,input/synthetic/synthetic_20.txt,1,60,29687585.0,0.7908645883175678
synthetic,input/synthetic/synthetic_20.txt,1,120,29689768.0,0.8712135154035849
synthetic,input/synthetic/synthetic_20.txt,1,300,29693267.0,1.0
synthetic,input/synthetic/synthetic_20.txt,1,600,29693267.0,1.0
synthetic,input/synthetic/synthetic_20.txt,23,0,29666098.0,0.0
synthetic,input/synthetic/synthetic_20.txt,23,30,29684632.0,0.7992582690068567
synthetic,input/synthetic/synthetic_20.txt,23,60,29689287.0,1.0
synthetic,input/synthetic/synthetic_20.txt,23,120,29689287.0,1.0
synthetic,input/synthetic/synthetic_20.txt,23,300,29689287.0,1.0
synthetic,input/synthetic/synthetic_20.txt,23,600,29689287.0,1.0
synthetic,input/synthetic/synthetic_20.txt,12,0,29666098.0,0.0
synthetic,input/synthetic/synthetic_20.txt,12,30,29690633.0,0.9640471512770138
synthetic,input/synthetic/synthetic_20.txt,12,60,29690633.0,0.9640471512770138
synthetic,input/synthetic/synthetic_20.txt,12,120,29690633.0,0.9640471512770138
synthetic,input/synthetic/synthetic_20.txt,12,300,29690633.0,0.9640471512770138
synthetic,input/synthetic/synthetic_20.txt,12,600,29691548.0,1.0
synthetic,input/synthetic/synthetic_20.txt,45,0,29666098.0,0.0
synthetic,input/synthetic/synthetic_20.txt,45,30,29682688.0,0.7213984432752099
synthetic,input/synthetic/synthetic_20.txt,45,60,29683397.0,0.7522285515502022
synthetic,input/synthetic/synthetic_20.txt,45,120,29687430.0,0.9275992520763577
synthetic,input/synthetic/synthetic_20.txt,45,300,29689095.0,1.0
synthetic,input/synthetic/synthetic_20.txt,45,600,29689095.0,1.0
synthetic,input/synthetic/synthetic_20.txt,34,0,29666098.0,0.0
synthetic,input/synthetic/synthetic_20.txt,34,30,29690679.0,0.9576515505688016
synthetic,input/synthetic/synthetic_20.txt,34,60,29690679.0,0.9576515505688016
synthetic,input/synthetic/synthetic_20.txt,34,120,29690679.0,0.9576515505688016
synthetic,input/synthetic/synthetic_20.txt,34,300,29690679.0,0.9576515505688016
synthetic,input/synthetic/synthetic_20.txt,34,600,29691766.0,1.0
synthetic,input/synthetic/synthetic_20.txt,56,0,29666098.0,0.0
synthetic,input/synthetic/synthetic_20.txt,56,30,29685063.0,0.5963461417520911
synthetic,input/synthetic/synthetic_20.txt,56,60,29686905.0,0.6542670272309917
synthetic,input/synthetic/synthetic_20.txt,56,120,29689466.0,0.7347965536758695
synthetic,input/synthetic/synthetic_20.txt,56,300,29695730.0,0.9317652977800138
synthetic,input/synthetic/synthetic_20.txt,56,600,29697900.0,1.0
synthetic,input/synthetic/synthetic_60.txt,100,0,18662994.0,0.0
synthetic,input/synthetic/synthetic_60.txt,100,30,18667716.0,1.0
synthetic,input/synthetic/synthetic_60.txt,100,60,18667716.0,1.0
synthetic,input/synthetic/synthetic_60.txt,100,120,18667716.0,1.0
synthetic,input/synthetic/synthetic_60.txt,100,300,18667716.0,1.0
synthetic,input/synthetic/synthetic_60.txt,100,600,18667716.0,1.0
synthetic,input/synthetic/synthetic_60.txt,89,0,18662994.0,0.0
synthetic,input/synthetic/synthetic_60.txt,89,30,18667893.0,0.4845218079319553
synthetic,input/synthetic/synthetic_60.txt,89,60,18667893.0,0.4845218079319553
synthetic,input/synthetic/synthetic_60.txt,89,120,18667893.0,0.4845218079319553
synthetic,input/synthetic/synthetic_60.txt,89,300,18668829.0,0.5770942537830086
synthetic,input/synthetic/synthetic_60.txt,89,600,18673105.0,1.0
seed_based,input/seed_based/ce_060x_012t.txt,1,0,12973556.0,0.0
seed_based,input/seed_based/ce_060x_012t.txt,1,30,13009936.0,0.9220163722533391
seed_based,input/seed_based/ce_060x_012t.txt,1,60,13011296.0,0.9564842740198191
seed_based,input/seed_based/ce_060x_012t.txt,1,120,13011937.0,0.9727298071318143
seed_based,input/seed_based/ce_060x_012t.txt,1,300,13012993.0,0.9994931190916694
seed_based,input/seed_based/ce_060x_012t.txt,1,600,13013013.0,1.0
seed_based,input/seed_based/ce_060x_012t.txt,12,0,12973556.0,0.0
seed_based,input/seed_based/ce_060x_012t.txt,12,30,13010025.0,0.9010921130658233
seed_based,input/seed_based/ce_060x_012t.txt,12,60,13011568.0,0.9392172366080253
seed_based,input/seed_based/ce_060x_012t.txt,12,120,13012739.0,0.9681508203202214
seed_based,input/seed_based/ce_060x_012t.txt,12,300,13013709.0,0.9921180075113659
seed_based,input/seed_based/ce_060x_012t.txt,12,600,13014028.0,1.0
seed_based,input/seed_based/ce_060x_012t.txt,23,0,12973556.0,0.0
seed_based,input/seed_based/ce_060x_012t.txt,23,30,13010708.0,0.9143757229701459
seed_based,input/seed_based/ce_060x_012t.txt,23,60,13011610.0,0.9365755211537988
seed_based,input/seed_based/ce_060x_012t.txt,23,120,13012403.0,0.95609263862568
seed_based,input/seed_based/ce_060x_012t.txt,23,300,13014086.0,0.9975142132854224
seed_based,input/seed_based/ce_060x_012t.txt,23,600,13014187.0,1.0
seed_based,input/seed_based/ce_060x_012t.txt,34,0,12973556.0,0.0
seed_based,input/seed_based/ce_060x_012t.txt,34,30,13010946.0,0.9250599965362825
seed_based,input/seed_based/ce_060x_012t.txt,34,60,13012944.0,0.9744921942650734
seed_based,input/seed_based/ce_060x_012t.txt,34,120,13013924.0,0.9987382171750909
seed_based,input/seed_based/ce_060x_012t.txt,34,300,13013975.0,1.0
seed_based,input/seed_based/ce_060x_012t.txt,34,600,13013975.0,1.0
synthetic,input/synthetic/synthetic_20.txt,67,0,29666098.0,0.0
synthetic,input/synthetic/synthetic_20.txt,67,30,29688053.0,0.8737265202164916
synthetic,input/synthetic/synthetic_20.txt,67,60,29688053.0,0.8737265202164916
synthetic,input/synthetic/synthetic_20.txt,67,120,29690514.0,0.9716650748169373
synthetic,input/synthetic/synthetic_20.txt,67,300,29691226.0,1.0
synthetic,input/synthetic/synthetic_20.txt,67,600,29691226.0,1.0
synthetic,input/synthetic/synthetic_20.txt,100,0,29667543.0,0.0
synthetic,input/synthetic/synthetic_20.txt,100,30,29667543.0,0.0
synthetic,input/synthetic/synthetic_20.txt,100,60,29667543.0,0.0
synthetic,input/synthetic/synthetic_20.txt,100,120,29667652.0,0.006722585420007401
synthetic,input/synthetic/synthetic_20.txt,100,300,29676774.0,0.5693228074503516
synthetic,input/synthetic/synthetic_20.txt,100,600,29683757.0,1.0
synthetic,input/synthetic/synthetic_20.txt,78,0,29666098.0,0.0
synthetic,input/synthetic/synthetic_20.txt,78,30,29688480.0,0.7724590163934426
synthetic,input/synthetic/synthetic_20.txt,78,60,29688480.0,0.7724590163934426
synthetic,input/synthetic/synthetic_20.txt,78,120,29690633.0,0.8467644521138913
synthetic,input/synthetic/synthetic_20.txt,78,300,29692673.0,0.917169974115617
synthetic,input/synthetic/synthetic_20.txt,78,600,29695073.0,1.0
synthetic,input/synthetic/synthetic_20.txt,89,0,29666098.0,0.0
synthetic,input/synthetic/synthetic_20.txt,89,30,29688826.0,0.7714082069035739
synthetic,input/synthetic/synthetic_20.txt,89,60,29691011.0,0.8455690187693039
synthetic,input/synthetic/synthetic_20.txt,89,120,29691011.0,0.8455690187693039
synthetic,input/synthetic/synthetic_20.txt,89,300,29694058.0,0.9489868648813766
synthetic,input/synthetic/synthetic_20.txt,89,600,29695561.0,1.0
seed_based,input/seed_based/ce_060x_012t.txt,45,0,12973556.0,0.0
seed_based,input/seed_based/ce_060x_012t.txt,45,30,13010144.0,0.9062716734370355
seed_based,input/seed_based/ce_060x_012t.txt,45,60,13010778.0,0.9219756266719509
seed_based,input/seed_based/ce_060x_012t.txt,45,120,13012275.0,0.959055781234519
seed_based,input/seed_based/ce_060x_012t.txt,45,300,13013404.0,0.9870207074209848
seed_based,input/seed_based/ce_060x_012t.txt,45,600,13013928.0,1.0
seed_based,input/seed_based/ce_060x_012t.txt,56,0,12973556.0,0.0
seed_based,input/seed_based/ce_060x_012t.txt,56,30,13009832.0,0.8905363937645759
seed_based,input/seed_based/ce_060x_012t.txt,56,60,13012671.0,0.9602307597888794
seed_based,input/seed_based/ce_060x_012t.txt,56,120,13013178.0,0.9726770590401375
seed_based,input/seed_based/ce_060x_012t.txt,56,300,13014223.0,0.9983306738676814
seed_based,input/seed_based/ce_060x_012t.txt,56,600,13014291.0,1.0
seed_based,input/seed_based/ce_060x_012t.txt,67,0,12973556.0,0.0
seed_based,input/seed_based/ce_060x_012t.txt,67,30,13010439.0,0.908068050323756
seed_based,input/seed_based/ce_060x_012t.txt,67,60,13011008.0,0.9220769628480685
seed_based,input/seed_based/ce_060x_012t.txt,67,120,13011846.0,0.9427087180244725
seed_based,input/seed_based/ce_060x_012t.txt,67,300,13012646.0,0.9624049043503952
seed_based,input/seed_based/ce_060x_012t.txt,67,600,13014173.0,1.0
seed_based,input/seed_based/ce_060x_012t.txt,78,0,12973556.0,0.0
seed_based,input/seed_based/ce_060x_012t.txt,78,30,13010782.0,0.9123348773374507
seed_based,input/seed_based/ce_060x_012t.txt,78,60,13012481.0,0.9539739725020219
seed_based,input/seed_based/ce_060x_012t.txt,78,120,13013369.0,0.975737078156018
seed_based,input/seed_based/ce_060x_012t.txt,78,300,13014097.0,0.9935789035119966
seed_based,input/seed_based/ce_060x_012t.txt,78,600,13014359.0,1.0
seed_based,input/seed_based/ce_060x_012t.txt,89,0,12973556.0,0.0
seed_based,input/seed_based/ce_060x_012t.txt,89,30,13011549.0,0.9289696317668346
seed_based,input/seed_based/ce_060x_012t.txt,89,60,13012874.0,0.9613673040246467
seed_based,input/seed_based/ce_060x_012t.txt,89,120,13013580.0,0.978629761846545
seed_based,input/seed_based/ce_060x_012t.txt,89,300,13013898.0,0.98640520318842
seed_based,input/seed_based/ce_060x_012t.txt,89,600,13014454.0,1.0
seed_based,input/seed_based/ce_060x_012t.txt,100,0,12973556.0,0.0
seed_based,input/seed_based/ce_060x_012t.txt,100,30,13009614.0,0.916433690845321
seed_based,input/seed_based/ce_060x_012t.txt,100,60,13010602.0,0.9415442484623596
seed_based,input/seed_based/ce_060x_012t.txt,100,120,13011549.0,0.9656127687693794
seed_based,input/seed_based/ce_060x_012t.txt,100,300,13012902.0,1.0
seed_based,input/seed_based/ce_060x_012t.txt,100,600,13012902.0,1.0
seed_based,input/seed_based/ce_090x_008t.txt,1,0,20368337.0,0.0
seed_based,input/seed_based/ce_090x_008t.txt,1,30,20479489.0,0.3659626306691909
seed_based,input/seed_based/ce_090x_008t.txt,1,60,20535621.0,0.5507745493456252
seed_based,input/seed_based/ce_090x_008t.txt,1,120,20579414.0,0.6949609021318627
seed_based,input/seed_based/ce_090x_008t.txt,1,300,20643469.0,0.9058589184295004
seed_based,input/seed_based/ce_090x_008t.txt,1,600,20672062.0,1.0
seed_based,input/seed_based/ce_090x_008t.txt,12,0,20368337.0,0.0
seed_based,input/seed_based/ce_090x_008t.txt,12,30,20502624.0,0.43738559451765674
seed_based,input/seed_based/ce_090x_008t.txt,12,60,20569808.0,0.6562103041475855
seed_based,input/seed_based/ce_090x_008t.txt,12,120,20608740.0,0.783015549374312
seed_based,input/seed_based/ce_090x_008t.txt,12,300,20656841.0,0.9396851039990619
seed_based,input/seed_based/ce_090x_008t.txt,12,600,20675359.0,1.0
seed_based,input/seed_based/ce_090x_008t.txt,23,0,20368337.0,0.0
seed_based,input/seed_based/ce_090x_008t.txt,23,30,20511341.0,0.4792214712022761
seed_based,input/seed_based/ce_090x_008t.txt,23,60,20555563.0,0.6274140525252254
seed_based,input/seed_based/ce_090x_008t.txt,23,120,20600827.0,0.7790984856354869
seed_based,input/seed_based/ce_090x_008t.txt,23,300,20638038.0,0.9037964672647273
seed_based,input/seed_based/ce_090x_008t.txt,23,600,20666746.0,1.0
seed_based,input/seed_based/ce_090x_008t.txt,34,0,20368337.0,0.0
seed_based,input/seed_based/ce_090x_008t.txt,34,30,20510334.0,0.44806868848786247
seed_based,input/seed_based/ce_090x_008t.txt,34,60,20573015.0,0.6458573281288951
seed_based,input/seed_based/ce_090x_008t.txt,34,120,20627820.0,0.8187934075712586
seed_based,input/seed_based/ce_090x_008t.txt,34,300,20664300.0,0.9339053166681918
seed_based,input/seed_based/ce_090x_008t.txt,34,600,20685246.0,1.0
seed_based,input/seed_based/ce_090x_008t.txt,45,0,20368337.0,0.0
seed_based,input/seed_based/ce_090x_008t.txt,45,30,20496301.0,0.3898726463957102
seed_based,input/seed_based/ce_090x_008t.txt,45,60,20556077.0,0.5719943940040217
seed_based,input/seed_based/ce_090x_008t.txt,45,120,20583209.0,0.6546584607884955
seed_based,input/seed_based/ce_090x_008t.txt,45,300,20662441.0,0.8960575223935165
seed_based,input/seed_based/ce_090x_008t.txt,45,600,20696528.0,0.9999116446286027
seed_based,input/seed_based/ce_090x_008t.txt,56,0,20368337.0,0.0
seed_based,input/seed_based/ce_090x_008t.txt,56,30,20507639.0,0.4457920776236711
seed_based,input/seed_based/ce_090x_008t.txt,56,60,20562448.0,0.6211909806004826
seed_based,input/seed_based/ce_090x_008t.txt,56,120,20599749.0,0.7405610563168439
seed_based,input/seed_based/ce_090x_008t.txt,56,300,20660098.0,0.9336889804852759
seed_based,input/seed_based/ce_090x_008t.txt,56,600,20680819.0,1.0
seed_based,input/seed_based/ce_090x_008t.txt,67,0,20368337.0,0.0
seed_based,input/seed_based/ce_090x_008t.txt,67,30,20506783.0,0.4282991900905193
seed_based,input/seed_based/ce_090x_008t.txt,67,60,20574610.0,0.6381300928704454
seed_based,input/seed_based/ce_090x_008t.txt,67,120,20617225.0,0.7699646708698639
seed_based,input/seed_based/ce_090x_008t.txt,67,300,20668317.0,0.9280238579905088
seed_based,input/seed_based/ce_090x_008t.txt,67,600,20691583.0,1.0
seed_based,input/seed_based/ce_090x_008t.txt,78,0,20368337.0,0.0
seed_based,input/seed_based/ce_090x_008t.txt,78,30,20523529.0,0.4830668858010857
seed_based,input/seed_based/ce_090x_008t.txt,78,60,20555051.0,0.5811855670103093
seed_based,input/seed_based/ce_090x_008t.txt,78,120,20588040.0,0.683870586184571
seed_based,input/seed_based/ce_090x_008t.txt,78,300,20658951.0,0.9045955973903083
seed_based,input/seed_based/ce_090x_008t.txt,78,600,20689601.0,1.0
seed_based,input/seed_based/ce_090x_008t.txt,89,0,20368337.0,0.0
seed_based,input/seed_based/ce_090x_008t.txt,89,30,20519985.0,0.48007192468168897
seed_based,input/seed_based/ce_090x_008t.txt,89,60,20547082.0,0.5658528709724394
seed_based,input/seed_based/ce_090x_008t.txt,89,120,20589549.0,0.7002906111698524
seed_based,input/seed_based/ce_090x_008t.txt,89,300,20651076.0,0.8950665746503486
seed_based,input/seed_based/ce_090x_008t.txt,89,600,20684223.0,1.0
seed_based,input/seed_based/ce_090x_008t.txt,100,0,20368337.0,0.0
seed_based,input/seed_based/ce_090x_008t.txt,100,30,20480562.0,0.3802806401659037
seed_based,input/seed_based/ce_090x_008t.txt,100,60,20533367.0,0.5592133129568196
seed_based,input/seed_based/ce_090x_008t.txt,100,120,20580618.0,0.7193259485413963
seed_based,input/seed_based/ce_090x_008t.txt,100,300,20637283.0,0.9113384455340533
seed_based,input/seed_based/ce_090x_008t.txt,100,600,20663448.0,1.0
real_world,input/real_world/B90k_L850_D21.txt,1,0,828.0,0.0
real_world,input/real_world/B90k_L850_D21.txt,1,30,869.0,1.0
real_world,input/real_world/B90k_L850_D21.txt,1,60,869.0,1.0
real_world,input/real_world/B90k_L850_D21.txt,1,120,869.0,1.0
real_world,input/real_world/B90k_L850_D21.txt,1,300,869.0,1.0
real_world,input/real_world/B90k_L850_D21.txt,1,600,869.0,1.0
real_world,input/real_world/B90k_L850_D21.txt,12,0,828.0,0.0
real_world,input/real_world/B90k_L850_D21.txt,12,30,869.0,1.0
real_world,input/real_world/B90k_L850_D21.txt,12,60,869.0,1.0
real_world,input/real_world/B90k_L850_D21.txt,12,120,869.0,1.0
real_world,input/real_world/B90k_L850_D21.txt,12,300,869.0,1.0
real_world,input/real_world/B90k_L850_D21.txt,12,600,869.0,1.0
real_world,input/real_world/B90k_L850_D21.txt,23,0,828.0,0.0
real_world,input/real_world/B90k_L850_D21.txt,23,30,869.0,1.0
real_world,input/real_world/B90k_L850_D21.txt,23,60,869.0,1.0
real_world,input/real_world/B90k_L850_D21.txt,23,120,869.0,1.0
real_world,input/real_world/B90k_L850_D21.txt,23,300,869.0,1.0
real_world,input/real_world/B90k_L850_D21.txt,23,600,869.0,1.0
real_world,input/real_world/B90k_L850_D21.txt,34,0,828.0,0.0
real_world,input/real_world/B90k_L850_D21.txt,34,30,869.0,1.0
real_world,input/real_world/B90k_L850_D21.txt,34,60,869.0,1.0
real_world,input/real_world/B90k_L850_D21.txt,34,120,869.0,1.0
real_world,input/real_world/B90k_L850_D21.txt,34,300,869.0,1.0
real_world,input/real_world/B90k_L850_D21.txt,34,600,869.0,1.0
real_world,input/real_world/B90k_L850_D21.txt,45,0,828.0,0.0
real_world,input/real_world/B90k_L850_D21.txt,45,30,869.0,1.0
real_world,input/real_world/B90k_L850_D21.txt,45,60,869.0,1.0
real_world,input/real_world/B90k_L850_D21.txt,45,120,869.0,1.0
real_world,input/real_world/B90k_L850_D21.txt,45,300,869.0,1.0
real_world,input/real_world/B90k_L850_D21.txt,45,600,869.0,1.0
real_world,input/real_world/B90k_L850_D21.txt,56,0,828.0,0.0
real_world,input/real_world/B90k_L850_D21.txt,56,30,869.0,1.0
real_world,input/real_world/B90k_L850_D21.txt,56,60,869.0,1.0
real_world,input/real_world/B90k_L850_D21.txt,56,120,869.0,1.0
real_world,input/real_world/B90k_L850_D21.txt,56,300,869.0,1.0
real_world,input/real_world/B90k_L850_D21.txt,56,600,869.0,1.0
real_world,input/real_world/B90k_L850_D21.txt,67,0,828.0,0.0
real_world,input/real_world/B90k_L850_D21.txt,67,30,869.0,1.0
real_world,input/real_world/B90k_L850_D21.txt,67,60,869.0,1.0
real_world,input/real_world/B90k_L850_D21.txt,67,120,869.0,1.0
real_world,input/real_world/B90k_L850_D21.txt,67,300,869.0,1.0
real_world,input/real_world/B90k_L850_D21.txt,67,600,869.0,1.0
real_world,input/real_world/B90k_L850_D21.txt,78,0,828.0,0.0
real_world,input/real_world/B90k_L850_D21.txt,78,30,869.0,1.0
real_world,input/real_world/B90k_L850_D21.txt,78,60,869.0,1.0
real_world,input/real_world/B90k_L850_D21.txt,78,120,869.0,1.0
real_world,input/real_world/B90k_L850_D21.txt,78,300,869.0,1.0
real_world,input/real_world/B90k_L850_D21.txt,78,600,869.0,1.0
real_world,input/real_world/B90k_L850_D21.txt,89,0,828.0,0.0
real_world,input/real_world/B90k_L850_D21.txt,89,30,869.0,1.0
real_world,input/real_world/B90k_L850_D21.txt,89,60,869.0,1.0
real_world,input/real_world/B90k_L850_D21.txt,89,120,869.0,1.0
real_world,input/real_world/B90k_L850_D21.txt,89,300,869.0,1.0
real_world,input/real_world/B90k_L850_D21.txt,89,600,869.0,1.0
real_world,input/real_world/B90k_L850_D21.txt,100,0,828.0,0.0
real_world,input/real_world/B90k_L850_D21.txt,100,30,869.0,1.0
real_world,input/real_world/B90k_L850_D21.txt,100,60,869.0,1.0
real_world,input/real_world/B90k_L850_D21.txt,100,120,869.0,1.0
real_world,input/real_world/B90k_L850_D21.txt,100,300,869.0,1.0
real_world,input/real_world/B90k_L850_D21.txt,100,600,869.0,1.0
real_world,input/real_world/B35k_L60_D120.txt,1,0,12544648.0,0.0
real_world,input/real_world/B35k_L60_D120.txt,1,30,12864753.0,1.0
real_world,input/real_world/B35k_L60_D120.txt,1,60,12864753.0,1.0
real_world,input/real_world/B35k_L60_D120.txt,1,120,12864753.0,1.0
real_world,input/real_world/B35k_L60_D120.txt,1,300,12864753.0,1.0
real_world,input/real_world/B35k_L60_D120.txt,1,600,12864753.0,1.0
real_world,input/real_world/B35k_L60_D120.txt,12,0,12544648.0,0.0
real_world,input/real_world/B35k_L60_D120.txt,12,30,12864753.0,1.0
real_world,input/real_world/B35k_L60_D120.txt,12,60,12864753.0,1.0
real_world,input/real_world/B35k_L60_D120.txt,12,120,12864753.0,1.0
real_world,input/real_world/B35k_L60_D120.txt,12,300,12864753.0,1.0
real_world,input/real_world/B35k_L60_D120.txt,12,600,12864753.0,1.0
real_world,input/real_world/B35k_L60_D120.txt,23,0,12544648.0,0.0
real_world,input/real_world/B35k_L60_D120.txt,23,30,12864753.0,1.0
real_world,input/real_world/B35k_L60_D120.txt,23,60,12864753.0,1.0
real_world,input/real_world/B35k_L60_D120.txt,23,120,12864753.0,1.0
real_world,input/real_world/B35k_L60_D120.txt,23,300,12864753.0,1.0
real_world,input/real_world/B35k_L60_D120.txt,23,600,12864753.0,1.0
real_world,input/real_world/B35k_L60_D120.txt,34,0,12544648.0,0.0
real_world,input/real_world/B35k_L60_D120.txt,34,30,12864753.0,1.0
real_world,input/real_world/B35k_L60_D120.txt,34,60,12864753.0,1.0
real_world,input/real_world/B35k_L60_D120.txt,34,120,12864753.0,1.0
real_world,input/real_world/B35k_L60_D120.txt,34,300,12864753.0,1.0
real_world,input/real_world/B35k_L60_D120.txt,34,600,12864753.0,1.0
real_world,input/real_world/B35k_L60_D120.txt,45,0,12544648.0,0.0
real_world,input/real_world/B35k_L60_D120.txt,45,30,12864753.0,1.0
real_world,input/real_world/B35k_L60_D120.txt,45,60,12864753.0,1.0
real_world,input/real_world/B35k_L60_D120.txt,45,120,12864753.0,1.0
real_world,input/real_world/B35k_L60_D120.txt,45,300,12864753.0,1.0
real_world,input/real_world/B35k_L60_D120.txt,45,600,12864753.0,1.0
real_world,input/real_world/B35k_L60_D120.txt,56,0,12544648.0,0.0
real_world,input/real_world/B35k_L60_D120.txt,56,30,12864753.0,1.0
real_world,input/real_world/B35k_L60_D120.txt,56,60,12864753.0,1.0
real_world,input/real_world/B35k_L60_D120.txt,56,120,12864753.0,1.0
real_world,input/real_world/B35k_L60_D120.txt,56,300,12864753.0,1.0
real_world,input/real_world/B35k_L60_D120.txt,56,600,12864753.0,1.0
real_world,input/real_world/B35k_L60_D120.txt,67,0,12544648.0,0.0
real_world,input/real_world/B35k_L60_D120.txt,67,30,12864753.0,1.0
real_world,input/real_world/B35k_L60_D120.txt,67,60,12864753.0,1.0
real_world,input/real_world/B35k_L60_D120.txt,67,120,12864753.0,1.0
real_world,input/real_world/B35k_L60_D120.txt,67,300,12864753.0,1.0
real_world,input/real_world/B35k_L60_D120.txt,67,600,12864753.0,1.0
real_world,input/real_world/B35k_L60_D120.txt,78,0,12544648.0,0.0
real_world,input/real_world/B35k_L60_D120.txt,78,30,12864753.0,1.0
real_world,input/real_world/B35k_L60_D120.txt,78,60,12864753.0,1.0
real_world,input/real_world/B35k_L60_D120.txt,78,120,12864753.0,1.0
real_world,input/real_world/B35k_L60_D120.txt,78,300,12864753.0,1.0
real_world,input/real_world/B35k_L60_D120.txt,78,600,12864753.0,1.0
real_world,input/real_world/B35k_L60_D120.txt,89,0,12544648.0,0.0
real_world,input/real_world/B35k_L60_D120.txt,89,30,12864753.0,1.0
real_world,input/real_world/B35k_L60_D120.txt,89,60,12864753.0,1.0
real_world,input/real_world/B35k_L60_D120.txt,89,120,12864753.0,1.0
real_world,input/real_world/B35k_L60_D120.txt,89,300,12864753.0,1.0
real_world,input/real_world/B35k_L60_D120.txt,89,600,12864753.0,1.0
real_world,input/real_world/B35k_L60_D120.txt,100,0,12544648.0,0.0
real_world,input/real_world/B35k_L60_D120.txt,100,30,12864753.0,1.0
real_world,input/real_world/B35k_L60_D120.txt,100,60,12864753.0,1.0
real_world,input/real_world/B35k_L60_D120.txt,100,120,12864753.0,1.0
real_world,input/real_world/B35k_L60_D120.txt,100,300,12864753.0,1.0
real_world,input/real_world/B35k_L60_D120.txt,100,600,12864753.0,1.0
real_world,input/real_world/B2000k_L140_D280.txt,1,0,60713936.0,0.0
real_world,input/real_world/B2000k_L140_D280.txt,1,30,60961958.0,1.0
real_world,input/real_world/B2000k_L140_D280.txt,1,60,60961958.0,1.0
real_world,input/real_world/B2000k_L140_D280.txt,1,120,60961958.0,1.0
real_world,input/real_world/B2000k_L140_D280.txt,1,300,60961958.0,1.0
real_world,input/real_world/B2000k_L140_D280.txt,1,600,60961958.0,1.0
real_world,input/real_world/B2000k_L140_D280.txt,12,0,60713936.0,0.0
real_world,input/real_world/B2000k_L140_D280.txt,12,30,60961958.0,1.0
real_world,input/real_world/B2000k_L140_D280.txt,12,60,60961958.0,1.0
real_world,input/real_world/B2000k_L140_D280.txt,12,120,60961958.0,1.0
real_world,input/real_world/B2000k_L140_D280.txt,12,300,60961958.0,1.0
real_world,input/real_world/B2000k_L140_D280.txt,12,600,60961958.0,1.0
real_world,input/real_world/B2000k_L140_D280.txt,23,0,60713936.0,0.0
real_world,input/real_world/B2000k_L140_D280.txt,23,30,60961958.0,1.0
real_world,input/real_world/B2000k_L140_D280.txt,23,60,60961958.0,1.0
real_world,input/real_world/B2000k_L140_D280.txt,23,120,60961958.0,1.0
real_world,input/real_world/B2000k_L140_D280.txt,23,300,60961958.0,1.0
real_world,input/real_world/B2000k_L140_D280.txt,23,600,60961958.0,1.0
real_world,input/real_world/B2000k_L140_D280.txt,34,0,60713936.0,0.0
real_world,input/real_world/B2000k_L140_D280.txt,34,30,60961958.0,0.8328922977728823
real_world,input/real_world/B2000k_L140_D280.txt,34,60,60961958.0,0.8328922977728823
real_world,input/real_world/B2000k_L140_D280.txt,34,120,60961958.0,0.8328922977728823
real_world,input/real_world/B2000k_L140_D280.txt,34,300,61011720.0,1.0
real_world,input/real_world/B2000k_L140_D280.txt,34,600,61011720.0,1.0
real_world,input/real_world/B2000k_L140_D280.txt,56,0,60713936.0,0.0
real_world,input/real_world/B2000k_L140_D280.txt,56,30,60961958.0,1.0
real_world,input/real_world/B2000k_L140_D280.txt,56,60,60961958.0,1.0
real_world,input/real_world/B2000k_L140_D280.txt,56,120,60961958.0,1.0
real_world,input/real_world/B2000k_L140_D280.txt,56,300,60961958.0,1.0
real_world,input/real_world/B2000k_L140_D280.txt,56,600,60961958.0,1.0
real_world,input/real_world/B2000k_L140_D280.txt,45,0,60713936.0,0.0
real_world,input/real_world/B2000k_L140_D280.txt,45,30,60961958.0,1.0
real_world,input/real_world/B2000k_L140_D280.txt,45,60,60961958.0,1.0
real_world,input/real_world/B2000k_L140_D280.txt,45,120,60961958.0,1.0
real_world,input/real_world/B2000k_L140_D280.txt,45,300,60961958.0,1.0
real_world,input/real_world/B2000k_L140_D280.txt,45,600,60961958.0,1.0
real_world,input/real_world/B2000k_L140_D280.txt,67,0,60713936.0,0.0
real_world,input/real_world/B2000k_L140_D280.txt,67,30,60961958.0,1.0
real_world,input/real_world/B2000k_L140_D280.txt,67,60,60961958.0,1.0
real_world,input/real_world/B2000k_L140_D280.txt,67,120,60961958.0,1.0
real_world,input/real_world/B2000k_L140_D280.txt,67,300,60961958.0,1.0
real_world,input/real_world/B2000k_L140_D280.txt,67,600,60961958.0,1.0
real_world,input/real_world/B2000k_L140_D280.txt,78,0,60713936.0,0.0
real_world,input/real_world/B2000k_L140_D280.txt,78,30,60961958.0,1.0
real_world,input/real_world/B2000k_L140_D280.txt,78,60,60961958.0,1.0
real_world,input/real_world/B2000k_L140_D280.txt,78,120,60961958.0,1.0
real_world,input/real_world/B2000k_L140_D280.txt,78,300,60961958.0,1.0
real_world,input/real_world/B2000k_L140_D280.txt,78,600,60961958.0,1.0
google_hashcode,input/google_hashcode/e_so_many_books.txt,1,0,5222608.0,0.0
google_hashcode,input/google_hashcode/e_so_many_books.txt,1,30,5237003.0,0.8295395608828444
google_hashcode,input/google_hashcode/e_so_many_books.txt,1,60,5238763.0,0.9309629458883191
google_hashcode,input/google_hashcode/e_so_many_books.txt,1,120,5239617.0,0.9801763383852936
google_hashcode,input/google_hashcode/e_so_many_books.txt,1,300,5239809.0,0.9912407076586182
google_hashcode,input/google_hashcode/e_so_many_books.txt,1,600,5239961.0,1.0
google_hashcode,input/google_hashcode/e_so_many_books.txt,12,0,5222608.0,0.0
google_hashcode,input/google_hashcode/e_so_many_books.txt,12,30,5238197.0,0.8962801126890129
google_hashcode,input/google_hashcode/e_so_many_books.txt,12,60,5239186.0,0.9531420686483068
google_hashcode,input/google_hashcode/e_so_many_books.txt,12,120,5239763.0,0.9863163341574197
google_hashcode,input/google_hashcode/e_so_many_books.txt,12,300,5240001.0,1.0
google_hashcode,input/google_hashcode/e_so_many_books.txt,12,600,5240001.0,1.0
real_world,input/real_world/B2000k_L140_D280.txt,89,0,60713936.0,0.0
real_world,input/real_world/B2000k_L140_D280.txt,89,30,60961958.0,1.0
real_world,input/real_world/B2000k_L140_D280.txt,89,60,60961958.0,1.0
real_world,input/real_world/B2000k_L140_D280.txt,89,120,60961958.0,1.0
real_world,input/real_world/B2000k_L140_D280.txt,89,300,60961958.0,1.0
real_world,input/real_world/B2000k_L140_D280.txt,89,600,60961958.0,1.0
real_world,input/real_world/B2000k_L140_D280.txt,100,0,60713936.0,0.0
real_world,input/real_world/B2000k_L140_D280.txt,100,30,60961958.0,1.0
real_world,input/real_world/B2000k_L140_D280.txt,100,60,60961958.0,1.0
real_world,input/real_world/B2000k_L140_D280.txt,100,120,60961958.0,1.0
real_world,input/real_world/B2000k_L140_D280.txt,100,300,60961958.0,1.0
real_world,input/real_world/B2000k_L140_D280.txt,100,600,60961958.0,1.0
google_hashcode,input/google_hashcode/e_so_many_books.txt,23,0,5222608.0,0.0
google_hashcode,input/google_hashcode/e_so_many_books.txt,23,30,5236595.0,0.8035734804090543
google_hashcode,input/google_hashcode/e_so_many_books.txt,23,60,5238713.0,0.9252556589681719
google_hashcode,input/google_hashcode/e_so_many_books.txt,23,120,5239587.0,0.9754682293462025
google_hashcode,input/google_hashcode/e_so_many_books.txt,23,300,5239893.0,0.9930483741238654
google_hashcode,input/google_hashcode/e_so_many_books.txt,23,600,5240014.0,1.0
google_hashcode,input/google_hashcode/e_so_many_books.txt,34,0,5222608.0,0.0
google_hashcode,input/google_hashcode/e_so_many_books.txt,34,30,5238027.0,0.9004321420228919
google_hashcode,input/google_hashcode/e_so_many_books.txt,34,60,5238775.0,0.9441135248773651
google_hashcode,input/google_hashcode/e_so_many_books.txt,34,120,5239460.0,0.9841158607801915
google_hashcode,input/google_hashcode/e_so_many_books.txt,34,300,5239607.0,0.9927003036673674
google_hashcode,input/google_hashcode/e_so_many_books.txt,34,600,5239732.0,1.0
google_hashcode,input/google_hashcode/e_so_many_books.txt,45,0,5222608.0,0.0
google_hashcode,input/google_hashcode/e_so_many_books.txt,45,30,5237850.0,0.876631966411687
google_hashcode,input/google_hashcode/e_so_many_books.txt,45,60,5238935.0,0.9390349111405073
google_hashcode,input/google_hashcode/e_so_many_books.txt,45,120,5239433.0,0.9676770000575142
google_hashcode,input/google_hashcode/e_so_many_books.txt,45,300,5239829.0,0.9904526370276644
google_hashcode,input/google_hashcode/e_so_many_books.txt,45,600,5239995.0,1.0
google_hashcode,input/google_hashcode/e_so_many_books.txt,56,0,5222608.0,0.0
google_hashcode,input/google_hashcode/e_so_many_books.txt,56,30,5237440.0,0.8558568955568379
google_hashcode,input/google_hashcode/e_so_many_books.txt,56,60,5238808.0,0.9347951529140219
google_hashcode,input/google_hashcode/e_so_many_books.txt,56,120,5239542.0,0.9771494518176572
google_hashcode,input/google_hashcode/e_so_many_books.txt,56,300,5239755.0,0.9894402769763416
google_hashcode,input/google_hashcode/e_so_many_books.txt,56,600,5239938.0,1.0
google_hashcode,input/google_hashcode/e_so_many_books.txt,67,0,5222608.0,0.0
google_hashcode,input/google_hashcode/e_so_many_books.txt,67,30,5237509.0,0.8612796948153286
google_hashcode,input/google_hashcode/e_so_many_books.txt,67,60,5238324.0,0.9083867984509566
google_hashcode,input/google_hashcode/e_so_many_books.txt,67,120,5239516.0,0.9772845500260101
google_hashcode,input/google_hashcode/e_so_many_books.txt,67,300,5239724.0,0.9893069764753483
google_hashcode,input/google_hashcode/e_so_many_books.txt,67,600,5239909.0,1.0
google_hashcode,input/google_hashcode/e_so_many_books.txt,78,0,5222608.0,0.0
google_hashcode,input/google_hashcode/e_so_many_books.txt,78,30,5235936.0,0.7682729997694259
google_hashcode,input/google_hashcode/e_so_many_books.txt,78,60,5238462.0,0.9138805626008761
google_hashcode,input/google_hashcode/e_so_many_books.txt,78,120,5239443.0,0.9704288678810238
google_hashcode,input/google_hashcode/e_so_many_books.txt,78,300,5239874.0,0.9952732303435554
google_hashcode,input/google_hashcode/e_so_many_books.txt,78,600,5239956.0,1.0
google_hashcode,input/google_hashcode/e_so_many_books.txt,89,0,5222608.0,0.0
google_hashcode,input/google_hashcode/e_so_many_books.txt,89,30,5238286.0,0.90067214339059
google_hashcode,input/google_hashcode/e_so_many_books.txt,89,60,5238969.0,0.9399092319181939
google_hashcode,input/google_hashcode/e_so_many_books.txt,89,120,5239413.0,0.9654162118687885
google_hashcode,input/google_hashcode/e_so_many_books.txt,89,300,5239988.0,0.9984488998678692
google_hashcode,input/google_hashcode/e_so_many_books.txt,89,600,5240015.0,1.0
google_hashcode,input/google_hashcode/e_so_many_books.txt,100,0,5222608.0,0.0
google_hashcode,input/google_hashcode/e_so_many_books.txt,100,30,5238256.0,0.904874804834326
google_hashcode,input/google_hashcode/e_so_many_books.txt,100,60,5239037.0,0.9500375874631354
google_hashcode,input/google_hashcode/e_so_many_books.txt,100,120,5239523.0,0.9781414445151217
google_hashcode,input/google_hashcode/e_so_many_books.txt,100,300,5239770.0,0.9924246805065633
google_hashcode,input/google_hashcode/e_so_many_books.txt,100,600,5239901.0,1.0
google_hashcode,input/google_hashcode/d_tough_choices.txt,1,0,5041660.0,0.0
google_hashcode,input/google_hashcode/d_tough_choices.txt,1,30,5075005.0,0.638854296388543
google_hashcode,input/google_hashcode/d_tough_choices.txt,1,60,5083000.0,0.7920298879202988
google_hashcode,input/google_hashcode/d_tough_choices.txt,1,120,5088200.0,0.8916562889165629
google_hashcode,input/google_hashcode/d_tough_choices.txt,1,300,5091970.0,0.9638854296388543
google_hashcode,input/google_hashcode/d_tough_choices.txt,1,600,5093855.0,1.0
google_hashcode,input/google_hashcode/d_tough_choices.txt,12,0,5040295.0,0.0
google_hashcode,input/google_hashcode/d_tough_choices.txt,12,30,5077020.0,0.7179161372299873
google_hashcode,input/google_hashcode/d_tough_choices.txt,12,60,5080010.0,0.7763659466327827
google_hashcode,input/google_hashcode/d_tough_choices.txt,12,120,5085080.0,0.8754764930114358
google_hashcode,input/google_hashcode/d_tough_choices.txt,12,300,5089565.0,0.963151207115629
google_hashcode,input/google_hashcode/d_tough_choices.txt,12,600,5091450.0,1.0
google_hashcode,input/google_hashcode/d_tough_choices.txt,23,0,5039450.0,0.0
google_hashcode,input/google_hashcode/d_tough_choices.txt,23,30,5075395.0,0.6630695443645084
google_hashcode,input/google_hashcode/d_tough_choices.txt,23,60,5082870.0,0.8009592326139089
google_hashcode,input/google_hashcode/d_tough_choices.txt,23,120,5085925.0,0.8573141486810552
google_hashcode,input/google_hashcode/d_tough_choices.txt,23,300,5090865.0,0.9484412470023981
google_hashcode,input/google_hashcode/d_tough_choices.txt,23,600,5093660.0,1.0
google_hashcode,input/google_hashcode/d_tough_choices.txt,34,0,5039450.0,0.0
google_hashcode,input/google_hashcode/d_tough_choices.txt,34,30,5075980.0,0.6972704714640199
google_hashcode,input/google_hashcode/d_tough_choices.txt,34,60,5081960.0,0.8114143920595533
google_hashcode,input/google_hashcode/d_tough_choices.txt,34,120,5085600.0,0.8808933002481389
google_hashcode,input/google_hashcode/d_tough_choices.txt,34,300,5090215.0,0.9689826302729528
google_hashcode,input/google_hashcode/d_tough_choices.txt,34,600,5091840.0,1.0
google_hashcode,input/google_hashcode/d_tough_choices.txt,56,0,5039450.0,0.0
google_hashcode,input/google_hashcode/d_tough_choices.txt,56,30,5079685.0,0.7613776137761378
google_hashcode,input/google_hashcode/d_tough_choices.txt,56,60,5083715.0,0.8376383763837638
google_hashcode,input/google_hashcode/d_tough_choices.txt,56,120,5087030.0,0.9003690036900369
google_hashcode,input/google_hashcode/d_tough_choices.txt,56,300,5089565.0,0.948339483394834
google_hashcode,input/google_hashcode/d_tough_choices.txt,56,600,5092295.0,1.0
google_hashcode,input/google_hashcode/d_tough_choices.txt,45,0,5039450.0,0.0
google_hashcode,input/google_hashcode/d_tough_choices.txt,45,30,5076240.0,0.7022332506203474
google_hashcode,input/google_hashcode/d_tough_choices.txt,45,60,5081765.0,0.8076923076923077
google_hashcode,input/google_hashcode/d_tough_choices.txt,45,120,5086120.0,0.890818858560794
google_hashcode,input/google_hashcode/d_tough_choices.txt,45,300,5089500.0,0.9553349875930521
google_hashcode,input/google_hashcode/d_tough_choices.txt,45,600,5091840.0,1.0
google_hashcode,input/google_hashcode/d_tough_choices.txt,67,0,5039450.0,0.0
google_hashcode,input/google_hashcode/d_tough_choices.txt,67,30,5077345.0,0.7083839611178615
google_hashcode,input/google_hashcode/d_tough_choices.txt,67,60,5081960.0,0.7946537059538274
google_hashcode,input/google_hashcode/d_tough_choices.txt,67,120,5087745.0,0.9027946537059538
google_hashcode,input/google_hashcode/d_tough_choices.txt,67,300,5091580.0,0.9744835965978129
google_hashcode,input/google_hashcode/d_tough_choices.txt,67,600,5092945.0,1.0
google_hashcode,input/google_hashcode/d_tough_choices.txt,78,0,5040425.0,0.0
google_hashcode,input/google_hashcode/d_tough_choices.txt,78,30,5079165.0,0.7459324155193993
google_hashcode,input/google_hashcode/d_tough_choices.txt,78,60,5083325.0,0.8260325406758448
google_hashcode,input/google_hashcode/d_tough_choices.txt,78,120,5086380.0,0.8848560700876095
google_hashcode,input/google_hashcode/d_tough_choices.txt,78,300,5091125.0,0.9762202753441802
google_hashcode,input/google_hashcode/d_tough_choices.txt,78,600,5092360.0,1.0
google_hashcode,input/google_hashcode/d_tough_choices.txt,100,0,5040230.0,0.0
google_hashcode,input/google_hashcode/d_tough_choices.txt,100,30,5078970.0,0.7358024691358025
google_hashcode,input/google_hashcode/d_tough_choices.txt,100,60,5085665.0,0.8629629629629629
google_hashcode,input/google_hashcode/d_tough_choices.txt,100,120,5087810.0,0.9037037037037037
google_hashcode,input/google_hashcode/d_tough_choices.txt,100,300,5090085.0,0.9469135802469136
google_hashcode,input/google_hashcode/d_tough_choices.txt,100,600,5092880.0,1.0
google_hashcode,input/google_hashcode/d_tough_choices.txt,89,0,5039450.0,0.0
google_hashcode,input/google_hashcode/d_tough_choices.txt,89,30,5079880.0,0.7521160822249093
google_hashcode,input/google_hashcode/d_tough_choices.txt,89,60,5084495.0,0.837968561064087
google_hashcode,input/google_hashcode/d_tough_choices.txt,89,120,5088070.0,0.9044740024183797
google_hashcode,input/google_hashcode/d_tough_choices.txt,89,300,5090605.0,0.9516324062877872
google_hashcode,input/google_hashcode/d_tough_choices.txt,89,600,5093205.0,1.0
google_hashcode,input/google_hashcode/f_libraries_of_the_world.txt,1,0,5340296.0,0.0
google_hashcode,input/google_hashcode/f_libraries_of_the_world.txt,1,30,5348248.0,1.0
google_hashcode,input/google_hashcode/f_libraries_of_the_world.txt,1,60,5348248.0,1.0
google_hashcode,input/google_hashcode/f_libraries_of_the_world.txt,1,120,5348248.0,1.0
google_hashcode,input/google_hashcode/f_libraries_of_the_world.txt,1,300,5348248.0,1.0
google_hashcode,input/google_hashcode/f_libraries_of_the_world.txt,1,600,5348248.0,1.0
google_hashcode,input/google_hashcode/f_libraries_of_the_world.txt,12,0,5340296.0,0.0
google_hashcode,input/google_hashcode/f_libraries_of_the_world.txt,12,30,5348248.0,1.0
google_hashcode,input/google_hashcode/f_libraries_of_the_world.txt,12,60,5348248.0,1.0
google_hashcode,input/google_hashcode/f_libraries_of_the_world.txt,12,120,5348248.0,1.0
google_hashcode,input/google_hashcode/f_libraries_of_the_world.txt,12,300,5348248.0,1.0
google_hashcode,input/google_hashcode/f_libraries_of_the_world.txt,12,600,5348248.0,1.0
google_hashcode,input/google_hashcode/f_libraries_of_the_world.txt,34,0,5340296.0,0.0
google_hashcode,input/google_hashcode/f_libraries_of_the_world.txt,34,30,5348248.0,1.0
google_hashcode,input/google_hashcode/f_libraries_of_the_world.txt,34,60,5348248.0,1.0
google_hashcode,input/google_hashcode/f_libraries_of_the_world.txt,34,120,5348248.0,1.0
google_hashcode,input/google_hashcode/f_libraries_of_the_world.txt,34,300,5348248.0,1.0
google_hashcode,input/google_hashcode/f_libraries_of_the_world.txt,34,600,5348248.0,1.0
google_hashcode,input/google_hashcode/f_libraries_of_the_world.txt,23,0,5340296.0,0.0
google_hashcode,input/google_hashcode/f_libraries_of_the_world.txt,23,30,5348248.0,1.0
google_hashcode,input/google_hashcode/f_libraries_of_the_world.txt,23,60,5348248.0,1.0
google_hashcode,input/google_hashcode/f_libraries_of_the_world.txt,23,120,5348248.0,1.0
google_hashcode,input/google_hashcode/f_libraries_of_the_world.txt,23,300,5348248.0,1.0
google_hashcode,input/google_hashcode/f_libraries_of_the_world.txt,23,600,5348248.0,1.0
google_hashcode,input/google_hashcode/f_libraries_of_the_world.txt,45,0,5340296.0,0.0
google_hashcode,input/google_hashcode/f_libraries_of_the_world.txt,45,30,5348248.0,1.0
google_hashcode,input/google_hashcode/f_libraries_of_the_world.txt,45,60,5348248.0,1.0
google_hashcode,input/google_hashcode/f_libraries_of_the_world.txt,45,120,5348248.0,1.0
google_hashcode,input/google_hashcode/f_libraries_of_the_world.txt,45,300,5348248.0,1.0
google_hashcode,input/google_hashcode/f_libraries_of_the_world.txt,45,600,5348248.0,1.0
google_hashcode,input/google_hashcode/f_libraries_of_the_world.txt,56,0,5340296.0,0.0
google_hashcode,input/google_hashcode/f_libraries_of_the_world.txt,56,30,5348248.0,1.0
google_hashcode,input/google_hashcode/f_libraries_of_the_world.txt,56,60,5348248.0,1.0
google_hashcode,input/google_hashcode/f_libraries_of_the_world.txt,56,120,5348248.0,1.0
google_hashcode,input/google_hashcode/f_libraries_of_the_world.txt,56,300,5348248.0,1.0
google_hashcode,input/google_hashcode/f_libraries_of_the_world.txt,56,600,5348248.0,1.0
google_hashcode,input/google_hashcode/f_libraries_of_the_world.txt,67,0,5340296.0,0.0
google_hashcode,input/google_hashcode/f_libraries_of_the_world.txt,67,30,5348248.0,1.0
google_hashcode,input/google_hashcode/f_libraries_of_the_world.txt,67,60,5348248.0,1.0
google_hashcode,input/google_hashcode/f_libraries_of_the_world.txt,67,120,5348248.0,1.0
google_hashcode,input/google_hashcode/f_libraries_of_the_world.txt,67,300,5348248.0,1.0
google_hashcode,input/google_hashcode/f_libraries_of_the_world.txt,67,600,5348248.0,1.0
google_hashcode,input/google_hashcode/f_libraries_of_the_world.txt,78,0,5340296.0,0.0
google_hashcode,input/google_hashcode/f_libraries_of_the_world.txt,78,30,5348248.0,1.0
google_hashcode,input/google_hashcode/f_libraries_of_the_world.txt,78,60,5348248.0,1.0
google_hashcode,input/google_hashcode/f_libraries_of_the_world.txt,78,120,5348248.0,1.0
google_hashcode,input/google_hashcode/f_libraries_of_the_world.txt,78,300,5348248.0,1.0
google_hashcode,input/google_hashcode/f_libraries_of_the_world.txt,78,600,5348248.0,1.0
google_hashcode,input/google_hashcode/f_libraries_of_the_world.txt,89,0,5340296.0,0.0
google_hashcode,input/google_hashcode/f_libraries_of_the_world.txt,89,30,5348248.0,1.0
google_hashcode,input/google_hashcode/f_libraries_of_the_world.txt,89,60,5348248.0,1.0
google_hashcode,input/google_hashcode/f_libraries_of_the_world.txt,89,120,5348248.0,1.0
google_hashcode,input/google_hashcode/f_libraries_of_the_world.txt,89,300,5348248.0,1.0
google_hashcode,input/google_hashcode/f_libraries_of_the_world.txt,89,600,5348248.0,1.0
google_hashcode,input/google_hashcode/f_libraries_of_the_world.txt,100,0,5340296.0,0.0
google_hashcode,input/google_hashcode/f_libraries_of_the_world.txt,100,30,5348248.0,1.0
google_hashcode,input/google_hashcode/f_libraries_of_the_world.txt,100,60,5348248.0,1.0
google_hashcode,input/google_hashcode/f_libraries_of_the_world.txt,100,120,5348248.0,1.0
google_hashcode,input/google_hashcode/f_libraries_of_the_world.txt,100,300,5348248.0,1.0
google_hashcode,input/google_hashcode/f_libraries_of_the_world.txt,100,600,5348248.0,1.0
