seed,scale,tightness_param,effective_target_tightness,max_feasible_tightness,tightness_clipped,generation_attempt,tightness_gap,tightness_warning,template_core_ratio_mean,B,L,D,total_signup,actual_tightness,feasibility_ratio,effective_books_ratio,signup_mean,signup_std,signup_min,signup_max,ship_rate_mean,ship_rate_std,score_sum,score_mean,score_std,score_variance,score_cv,score_book_freq_corr,signup_ship_rate_corr,signup_lib_size_corr,lib_size_ship_rate_corr,jaccard_overlap_mean,book_coverage,book_duplication_rate,lib_size_mean,lib_size_std,score_mean_delta_pct,score_cv_delta,signup_mean_delta_pct,ship_rate_mean_delta_pct,lib_size_mean_delta_pct,jaccard_delta,score_book_freq_corr_delta,signup_ship_rate_corr_delta,signup_lib_size_corr_delta,lib_size_ship_rate_corr_delta
b,0.6,0.08,0.08,1.0,0,0,0.0006,0,0.1964,71173,69,59,743,0.0794,59.0,0.081,10.77,6.52,1,25,1.0,0.0,7117202,100.0,12.58,158.19,0.1258,0.2111,0.0,0.0996,0.0,0.0157,0.3491,0.1068,595.19,94.13,0.0,0.1258,-8.8061,0.0,-40.481,0.0157,0.2111,0.0,0.0996,0.0
b,0.6,0.12,0.12,1.0,0,0,0.0002,0,0.1709,64950,61,81,676,0.1198,81.0,0.1187,11.08,6.61,1,25,1.0,0.0,6495033,100.0,12.63,159.5,0.1263,0.206,0.0,0.1704,0.0,0.017,0.3344,0.1018,588.89,84.97,0.0,0.1263,-6.1812,0.0,-41.111,0.017,0.206,0.0,0.1704,0.0
b,0.6,0.2,0.2,1.0,0,0,0.0,0,0.185,70743,62,128,640,0.2,128.0,0.1912,10.32,6.2,1,23,1.0,0.0,7074282,100.0,12.55,157.54,0.1255,0.2215,0.0,0.0162,0.0,0.0159,0.3305,0.0988,615.39,92.62,0.0,0.1255,-12.6164,0.0,-38.461,0.0159,0.2215,0.0,0.0162,0.0
b,0.75,0.08,0.08,1.0,0,0,0.0008,0,0.22,83201,77,65,821,0.0792,65.0,0.0749,10.66,6.04,1,25,1.0,0.0,8320090,100.0,12.61,159.11,0.1261,0.2068,0.0,-0.1936,0.0,0.0152,0.3868,0.1272,725.6,93.96,0.0,0.1261,-9.7375,0.0,-27.44,0.0152,0.2068,0.0,-0.1936,0.0
b,0.75,0.12,0.12,1.0,0,0,0.0,0,0.2324,89643,74,98,817,0.12,98.0,0.1154,11.04,5.74,1,25,1.0,0.0,8964214,100.0,12.6,158.68,0.126,0.2105,0.0,-0.1161,0.0,0.0146,0.3689,0.1153,753.62,114.63,0.0,0.126,-6.5199,0.0,-24.638,0.0146,0.2105,0.0,-0.1161,0.0
b,0.75,0.2,0.2,1.0,0,0,0.0008,0,0.2364,88207,86,199,999,0.1992,199.0,0.2449,11.62,6.2,1,23,1.0,0.0,8820696,100.0,12.61,158.92,0.1261,0.2196,0.0,0.0324,0.0,0.0162,0.4153,0.1447,765.29,111.95,0.0,0.1261,-1.6088,0.0,-23.471,0.0162,0.2196,0.0,0.0324,0.0
b,0.9,0.08,0.08,1.0,0,0,0.0002,0,0.2522,95532,93,84,1052,0.0798,84.0,0.0783,11.31,6.21,1,25,1.0,0.0,9553123,100.0,12.62,159.18,0.1262,0.2298,0.0,0.1843,0.0,0.0169,0.4753,0.1806,928.37,126.87,0.0,0.1262,-4.2337,0.0,-7.163,0.0169,0.2298,0.0,0.1843,0.0
b,0.9,0.12,0.12,1.0,0,0,0.0007,0,0.228,86297,96,132,1106,0.1193,132.0,0.1341,11.52,6.41,1,25,1.0,0.0,8629728,100.0,12.59,158.62,0.1259,0.2325,0.0,0.0591,0.0,0.0188,0.4986,0.2033,898.42,142.24,0.0,0.1259,-2.4555,0.0,-10.158,0.0188,0.2325,0.0,0.0591,0.0
b,0.9,0.2,0.2,1.0,0,0,0.0005,0,0.2606,100000,102,229,1148,0.1995,229.0,0.2367,11.25,6.35,1,26,1.0,0.0,9999930,100.0,12.57,157.9,0.1257,0.2361,0.0,0.0447,0.0,0.0169,0.4851,0.1882,919.88,140.08,0.0,0.1257,-4.7417,0.0,-8.012,0.0169,0.2361,0.0,0.0447,0.0
c,0.6,0.08,0.0347,0.0347,1,0,0.0,0,0.3342,70811,5746,100000,2881251,0.0347,11111.1111,1.0,501.44,297.06,9,1236,48910.42,29397.68,21298017,300.77,177.23,31409.37,0.5892,0.1213,-0.0036,0.0012,0.0087,0.0,0.4581,0.1611,8.5,2.3,0.0033,0.0145,-0.9169,-1.2138,-43.4464,0.0,0.1208,0.0048,-0.0011,0.0058
c,0.6,0.12,0.0336,0.0336,1,0,0.0,0,0.3335,54838,5880,99999,2973628,0.0336,14285.5714,1.0,505.72,298.95,7,1232,49160.91,29160.75,16493785,300.77,177.35,31453.78,0.5897,0.1271,-0.0153,-0.028,-0.0002,0.0,0.5487,0.2342,8.55,2.31,0.0033,0.015,-0.0711,-0.7079,-43.1138,0.0,0.1266,-0.0069,-0.0303,-0.0031
c,0.6,0.2,0.0308,0.0308,1,0,0.0,0,0.3339,62342,6416,100000,3247478,0.0308,12500.0,1.0,506.15,300.8,8,1238,48869.45,29030.21,18750793,300.77,177.67,31566.74,0.5907,0.1369,-0.0058,0.0045,-0.0049,0.0,0.53,0.222,8.52,2.27,0.0033,0.016,0.0138,-1.2965,-43.3134,0.0,0.1364,0.0026,0.0022,-0.0078
c,0.75,0.08,0.0241,0.0241,1,0,0.0,0,0.3332,71698,8210,100000,4157028,0.0241,14285.7143,1.0,506.34,298.87,7,1238,48717.41,29150.29,21564812,300.77,176.73,31235.01,0.5876,0.1499,-0.0212,0.0059,-0.0041,0.0,0.6393,0.3305,10.78,2.84,0.0033,0.0129,0.0514,-1.6036,-28.2768,0.0,0.1494,-0.0128,0.0036,-0.007
c,0.75,0.12,0.0236,0.0236,1,0,0.0,0,0.3326,91207,8367,100000,4238757,0.0236,14285.7143,1.0,506.6,298.34,7,1245,48850.9,29282.18,27432677,300.77,177.41,31475.61,0.5899,0.1329,-0.0116,0.0052,-0.0137,0.0,0.5667,0.2565,10.76,2.86,0.0033,0.0152,0.1028,-1.334,-28.4098,0.0,0.1324,-0.0032,0.0029,-0.0166
c,0.75,0.2,0.0276,0.0276,1,0,0.0,0,0.3332,80113,7177,100000,3621691,0.0276,14285.7143,1.0,504.62,296.87,7,1233,48848.66,29183.23,24096184,300.78,177.28,31427.42,0.5894,0.14,-0.0171,0.0098,0.0038,0.0,0.56,0.2482,10.72,2.84,0.0066,0.0147,-0.2885,-1.3385,-28.676,0.0,0.1395,-0.0087,0.0075,0.0009
c,0.9,0.08,0.0202,0.0202,1,0,0.0,0,0.333,91269,9788,100000,4947801,0.0202,14285.7143,1.0,505.5,298.14,7,1238,49005.73,29199.44,27451803,300.78,177.53,31517.77,0.5902,0.155,-0.004,0.0052,0.0048,0.0,0.6739,0.376,13.06,3.44,0.0066,0.0155,-0.1146,-1.0213,-13.1071,0.0,0.1545,0.0044,0.0029,0.0019
c,0.9,0.12,0.0182,0.0182,1,0,0.0,0,0.3329,97707,10925,100000,5496551,0.0182,14285.7143,1.0,503.12,297.3,7,1242,49276.42,29295.69,29387403,300.77,177.9,31646.84,0.5915,0.1592,-0.0149,-0.0095,-0.0011,0.0,0.688,0.391,13.08,3.42,0.0033,0.0168,-0.5849,-0.4746,-12.9741,0.0,0.1587,-0.0065,-0.0118,-0.004
c,0.9,0.2,0.0189,0.0189,1,0,0.0,0,0.3332,87269,10443,100000,5298067,0.0189,11111.1111,1.0,507.33,297.64,9,1241,48938.18,29178.81,26247752,300.77,177.48,31498.15,0.5901,0.1628,0.0039,-0.006,0.0054,0.0,0.7068,0.4164,13.04,3.42,0.0033,0.0154,0.247,-1.1577,-13.2402,0.0,0.1623,0.0123,-0.0083,0.0025
d,0.6,0.08,0.08,1.0,0,0,0.0,0,0.2913,55643,16877,2025,25317,0.08,2025.0,1.0,1.5,0.5,1,2,1.0,0.0,3616751,65.0,8.18,66.87,0.1258,0.3041,0.0,-0.0003,0.0,0.0,0.5228,0.2418,3.92,1.33,0.0,0.1258,-25.0,0.0,-46.7391,0.0,0.3041,0.0,-0.0003,0.0
d,0.6,0.12,0.12,1.0,0,0,0.0,0,0.2912,56723,19433,3496,29141,0.12,3496.0,1.0,1.5,0.5,1,2,1.0,0.0,3686998,65.0,8.18,66.92,0.1259,0.3039,0.0,0.0021,0.0,0.0,0.5586,0.2737,3.92,1.32,0.0,0.1259,-25.0,0.0,-46.7391,0.0,0.3039,0.0,0.0021,0.0
d,0.6,0.2,0.2,1.0,0,0,0.0,0,0.2842,44181,17661,5299,26498,0.2,5299.0,1.0,1.5,0.5,1,2,1.0,0.0,2871613,65.0,8.18,66.91,0.1258,0.3132,0.0,0.0017,0.0,0.0,0.6088,0.3151,3.92,1.33,0.0,0.1258,-25.0,0.0,-46.7391,0.0,0.3132,0.0,0.0017,0.0
d,0.75,0.08,0.08,1.0,0,0,0.0,0,0.2266,68867,23422,2818,35237,0.08,2818.0,1.0,1.5,0.5,1,2,1.0,0.0,4476322,65.0,8.19,67.06,0.126,0.2939,0.0,-0.0018,0.0,0.0,0.6402,0.3589,5.03,1.65,0.0,0.126,-25.0,0.0,-31.6576,0.0,0.2939,0.0,-0.0018,0.0
d,0.75,0.12,0.12,1.0,0,0,0.0,0,0.2265,65103,23206,4170,34751,0.12,4170.0,1.0,1.5,0.5,1,2,1.0,0.0,4231679,65.0,8.17,66.81,0.1257,0.2959,0.0,0.0078,0.0,0.0,0.6528,0.3729,5.03,1.64,0.0,0.1257,-25.0,0.0,-31.6576,0.0,0.2959,0.0,0.0078,0.0
d,0.75,0.2,0.2,1.0,0,0,0.0,0,0.2256,62750,25541,7674,38370,0.2,7674.0,1.0,1.5,0.5,1,2,1.0,0.0,4078657,65.0,8.17,66.76,0.1257,0.3012,0.0,-0.0073,0.0,0.0,0.6935,0.4175,5.04,1.65,0.0,0.1257,-25.0,0.0,-31.5217,0.0,0.3012,0.0,-0.0073,0.0
d,0.9,0.08,0.08,1.0,0,0,0.0,0,0.1895,72838,25057,3005,37565,0.08,3005.0,1.0,1.5,0.5,1,2,1.0,0.0,4734444,65.0,8.18,66.83,0.1258,0.2951,0.0,-0.0003,0.0,0.0,0.7022,0.433,6.11,1.94,0.0,0.1258,-25.0,0.0,-16.9837,0.0,0.2951,0.0,-0.0003,0.0
d,0.9,0.12,0.12,1.0,0,0,0.0,0,0.1896,80733,32015,5746,47890,0.12,5746.0,1.0,1.5,0.5,1,2,1.0,0.0,5247588,65.0,8.21,67.4,0.1263,0.3159,0.0,0.0031,0.0,0.0029,0.7386,0.4836,6.13,1.96,0.0,0.1263,-25.0,0.0,-16.712,0.0029,0.3159,0.0,0.0031,0.0
d,0.9,0.2,0.2,1.0,0,0,0.0,0,0.1897,82871,27543,8253,41265,0.2,8253.0,1.0,1.5,0.5,1,2,1.0,0.0,5386701,65.0,8.19,67.08,0.126,0.3148,0.0,-0.0052,0.0,0.0,0.6923,0.4228,6.11,1.95,0.0,0.126,-25.0,0.0,-16.9837,0.0,0.3148,0.0,-0.0052,0.0
e,0.6,0.08,0.08,1.0,0,0,0.0002,0,0.4782,59868,653,263,3294,0.0798,263.0,0.7619,5.04,2.88,1,11,1.24,0.43,7512694,125.49,73.87,5456.15,0.5886,0.1388,-0.051,0.0242,0.0591,0.0025,0.9214,0.7612,295.83,172.0,0.0,0.0147,-7.1823,-16.7785,-39.8646,0.0003,0.1414,-0.0038,0.0101,0.0351
e,0.6,0.12,0.12,1.0,0,0,0.0001,0,0.4777,66585,672,414,3454,0.1199,414.0,0.9194,5.14,2.92,1,11,1.25,0.43,8355704,125.49,73.69,5430.11,0.5872,0.1294,-0.038,-0.007,0.0385,0.002,0.9093,0.7367,301.99,177.58,0.0,0.0133,-5.3407,-16.1074,-38.6124,-0.0002,0.132,0.0092,-0.0211,0.0145
e,0.6,0.2,0.2,1.0,0,0,0.0002,0,0.4781,53965,681,693,3468,0.1998,693.0,1.0,5.09,2.91,1,11,1.25,0.43,6772104,125.49,73.89,5459.45,0.5888,0.1384,-0.0534,-0.0102,0.0157,0.0031,0.943,0.814,293.98,174.18,0.0,0.0149,-6.2615,-16.1074,-40.2407,0.0009,0.141,-0.0062,-0.0243,-0.0083
e,0.75,0.08,0.08,1.0,0,0,0.0001,0,0.478,65628,714,284,3556,0.0799,284.0,0.6992,4.98,2.97,1,11,1.26,0.44,8235740,125.49,73.73,5435.66,0.5875,0.1362,-0.1051,-0.0169,0.0319,0.0029,0.9517,0.8388,367.57,218.12,0.0,0.0136,-8.2873,-15.4362,-25.2815,0.0007,0.1388,-0.0579,-0.031,0.0079
e,0.75,0.12,0.12,1.0,0,0,0.0001,0,0.4768,62841,662,390,3253,0.1199,390.0,0.8216,4.91,2.91,1,11,1.23,0.42,7886065,125.49,73.88,5458.7,0.5887,0.1412,-0.0449,0.0347,0.0133,0.0033,0.9478,0.8285,367.51,218.64,0.0,0.0148,-9.5764,-17.4497,-25.2937,0.0011,0.1438,0.0023,0.0206,-0.0107
e,0.75,0.2,0.2,1.0,0,0,0.0001,0,0.4777,62881,810,811,4057,0.1999,811.0,0.9991,5.01,2.95,1,11,1.25,0.43,7890895,125.49,74.13,5495.98,0.5908,0.148,-0.0277,0.0362,0.0127,0.0034,0.9687,0.8882,369.2,215.99,0.0,0.0169,-7.7348,-16.1074,-24.9502,0.0012,0.1506,0.0195,0.0221,-0.0113
e,0.9,0.08,0.08,1.0,0,0,0.0001,0,0.4775,100000,955,386,4829,0.0799,386.0,0.7383,5.06,2.99,1,11,1.26,0.44,12548979,125.49,73.9,5460.62,0.5889,0.1454,-0.0112,0.0266,-0.0425,0.0025,0.9554,0.8517,444.4,269.48,0.0,0.015,-6.814,-15.4362,-9.6638,0.0003,0.148,0.036,0.0125,-0.0665
e,0.9,0.12,0.12,1.0,0,0,0.0001,0,0.4777,77704,758,454,3785,0.1199,454.0,0.8119,4.99,2.92,1,11,1.25,0.43,9751055,125.49,74.06,5484.17,0.5901,0.1403,-0.0008,0.0357,-0.0198,0.0025,0.9584,0.8586,435.91,265.3,0.0,0.0162,-8.1031,-16.1074,-11.3896,0.0003,0.1429,0.0464,0.0216,-0.0438
e,0.9,0.2,0.2,1.0,0,0,0.0,0,0.4777,100000,868,857,4285,0.2,857.0,0.9896,4.94,2.88,1,11,1.25,0.43,12549076,125.49,74.04,5481.47,0.59,0.1398,-0.0051,0.0053,0.0265,0.0021,0.9452,0.8241,446.67,264.55,0.0,0.0161,-9.0239,-16.1074,-9.2023,-0.0001,0.1424,0.0421,-0.0088,0.0025
f,0.6,0.08,0.08,0.9719,0,0,0.0,0,0.4774,49720,611,8231,102890,0.08,304.8519,1.0,168.4,82.08,27,358,7.01,1.97,19944047,401.13,237.87,56581.61,0.593,0.1329,0.0251,0.0579,-0.0383,0.0028,0.9415,0.815,301.1,175.86,0.005,0.0171,1.3298,-6.158,-40.8843,0.0005,0.1306,0.0212,0.0035,-0.0242
f,0.6,0.12,0.12,1.0,0,0,0.0,0,0.4766,61486,558,11187,93225,0.12,360.871,1.0,167.07,80.8,31,352,6.96,1.92,24663247,401.12,237.88,56589.27,0.5931,0.1332,-0.0216,0.0567,0.0342,0.0021,0.8909,0.6905,300.94,180.77,0.0025,0.0172,0.5295,-6.8273,-40.9157,-0.0002,0.1309,-0.0255,0.0023,0.0483
f,0.6,0.2,0.2,1.0,0,0,0.0,0,0.4759,50546,481,15666,78333,0.2,559.5,1.0,162.85,82.15,28,354,6.98,1.87,20275162,401.12,236.49,55926.86,0.5896,0.1246,0.0227,0.0356,-0.0871,0.0026,0.904,0.7194,302.1,178.03,0.0025,0.0137,-2.0097,-6.5596,-40.6879,0.0003,0.1223,0.0188,-0.0188,-0.073
f,0.75,0.08,0.08,0.7206,0,0,0.0,0,0.4761,61188,841,11102,138779,0.08,411.1852,1.0,165.02,80.88,27,356,7.02,1.92,24543978,401.12,237.2,56265.03,0.5913,0.1458,-0.0399,0.0497,-0.0149,0.0031,0.9764,0.9131,382.54,222.75,0.0025,0.0154,-0.704,-6.0241,-24.895,0.0008,0.1435,-0.0438,-0.0047,-0.0008
f,0.75,0.12,0.12,0.9404,0,0,0.0,0,0.4763,71603,637,12761,106343,0.12,510.44,1.0,166.94,81.42,25,358,7.07,1.94,28721561,401.12,236.96,56147.69,0.5907,0.1333,-0.0305,0.0863,0.0055,0.0029,0.9332,0.7888,387.83,223.25,0.0025,0.0148,0.4513,-5.3548,-23.8564,0.0006,0.131,-0.0344,0.0319,0.0196
f,0.75,0.2,0.2,0.866,0,0,0.0,0,0.4768,75998,710,23095,115475,0.2,962.2917,1.0,162.64,82.06,24,351,6.9,1.89,30484647,401.12,237.23,56280.08,0.5914,0.1418,-0.0443,0.0521,-0.0006,0.0021,0.9309,0.786,369.03,225.39,0.0025,0.0155,-2.1361,-7.6305,-27.5474,-0.0002,0.1395,-0.0482,-0.0023,0.0135
f,0.9,0.08,0.08,0.7674,0,0,0.0,0,0.4771,82399,784,10425,130316,0.08,400.9615,1.0,166.22,80.17,26,355,7.01,1.92,33052088,401.12,236.42,55892.92,0.5894,0.1439,-0.0047,0.0693,-0.0296,0.0028,0.9604,0.8629,455.49,267.14,0.0025,0.0135,0.0181,-6.158,-10.5725,0.0005,0.1416,-0.0086,0.0149,-0.0155
f,0.9,0.12,0.12,0.5695,0,0,0.0,0,0.4778,98398,1077,21069,175582,0.12,842.76,1.0,163.03,80.18,25,353,6.99,1.98,39469687,401.12,237.19,56260.44,0.5913,0.152,0.0164,0.0588,-0.0215,0.0029,0.9691,0.891,453.82,267.73,0.0025,0.0154,-1.9014,-6.4257,-10.9004,0.0006,0.1497,0.0125,0.0044,-0.0074
f,0.9,0.2,0.2,0.563,0,0,0.0,0,0.4765,73488,1064,35524,177622,0.2,1366.3077,1.0,166.94,83.29,26,353,6.95,1.91,29477702,401.12,237.03,56185.36,0.5909,0.1575,0.0126,0.0532,-0.0018,0.0031,0.9879,0.9497,457.64,266.44,0.0025,0.015,0.4513,-6.9612,-10.1504,0.0008,0.1552,0.0087,-0.0012,0.0123
bc,0.6,0.08,0.0279,0.0279,1,0,0.0,0,0.3343,60743,7110,100000,3581451,0.0279,14285.7143,1.0,503.72,296.85,7,1237,49028.59,29190.43,6074280,100.0,12.56,157.88,0.1256,0.0816,0.0004,-0.0037,0.0019,0.0,0.5505,0.2547,8.54,2.28,0.0,0.1256,-0.4663,-0.9751,-43.1803,0.0,0.0816,0.0088,-0.006,-0.001
bc,0.6,0.12,0.0274,0.0274,1,0,0.0,0,0.334,61888,7217,100000,3651930,0.0274,12500.0,1.0,506.02,297.48,8,1238,49331.26,29290.22,6188911,100.0,12.54,157.2,0.1254,0.0807,-0.0186,0.0062,-0.0042,0.0,0.5471,0.2532,8.52,2.28,0.0,0.1254,-0.0119,-0.3638,-43.3134,0.0,0.0807,-0.0102,0.0039,-0.0071
bc,0.6,0.2,0.0298,0.0298,1,0,0.0,0,0.3345,70153,6615,100000,3360865,0.0298,14285.7143,1.0,508.07,298.16,7,1229,49011.99,29139.44,7015311,100.0,12.59,158.44,0.1259,0.0767,-0.0065,0.0119,-0.0033,0.0,0.4863,0.1966,8.52,2.29,0.0,0.1259,0.3932,-1.0086,-43.3134,0.0,0.0767,0.0019,0.0096,-0.0062
bc,0.75,0.08,0.0222,0.0222,1,0,0.0,0,0.3332,82447,8892,100000,4495123,0.0222,14285.7143,1.0,505.52,297.49,7,1245,49088.93,29194.3,8244645,100.0,12.6,158.71,0.126,0.0845,-0.0074,0.0012,0.0072,0.0,0.5919,0.2987,10.76,2.86,0.0,0.126,-0.1107,-0.8532,-28.4098,0.0,0.0845,0.001,-0.0011,0.0043
bc,0.75,0.12,0.0229,0.0229,1,0,0.0,0,0.333,79111,8635,100000,4369355,0.0229,12500.0,1.0,506.01,299.36,8,1242,48991.83,29228.1,7911103,100.0,12.59,158.63,0.1259,0.0824,-0.0083,0.0059,0.003,0.0,0.5936,0.3037,10.75,2.84,0.0,0.1259,-0.0138,-1.0494,-28.4764,0.0,0.0824,0.0001,0.0036,0.0001
bc,0.75,0.2,0.0222,0.0222,1,0,0.0,0,0.3336,91720,8885,100000,4496926,0.0222,12500.0,1.0,506.13,298.85,8,1237,49232.23,29489.74,9171875,100.0,12.6,158.69,0.126,0.0759,-0.0053,0.0134,0.0038,0.0,0.5591,0.2672,10.8,2.86,0.0,0.126,0.0099,-0.5638,-28.1437,0.0,0.0759,0.0031,0.0111,0.0009
bc,0.9,0.08,0.0198,0.0198,1,0,0.0,0,0.3333,100000,9982,100000,5052069,0.0198,12500.0,1.0,506.12,298.43,8,1246,49155.27,29293.04,9999932,100.0,12.59,158.51,0.1259,0.0842,-0.001,-0.0019,-0.0068,0.0008,0.6252,0.3345,13.02,3.43,0.0,0.1259,0.0079,-0.7192,-13.3733,0.0008,0.0842,0.0074,-0.0042,-0.0097
bc,0.9,0.12,0.0202,0.0202,1,0,0.0,0,0.3334,95095,9814,100000,4956086,0.0202,12500.0,1.0,505.0,297.2,8,1246,49072.22,29237.91,9509503,100.0,12.56,157.65,0.1256,0.0824,-0.0061,0.0005,0.0028,0.0011,0.6347,0.3471,13.03,3.45,0.0,0.1256,-0.2134,-0.887,-13.3067,0.0011,0.0824,0.0023,-0.0018,-0.0001
bc,0.9,0.2,0.0221,0.0221,1,0,0.0,0,0.3333,100000,8975,100000,4517981,0.0221,12500.0,1.0,503.4,296.99,8,1243,49123.3,29244.09,9999965,100.0,12.55,157.59,0.1255,0.0844,-0.0112,-0.0007,0.0036,0.0,0.5935,0.3024,13.05,3.43,0.0,0.1255,-0.5296,-0.7838,-13.1737,0.0,0.0844,-0.0028,-0.003,0.0007
bd,0.6,0.08,0.08,1.0,0,0,0.0,0,0.2943,66942,19246,2311,28892,0.08,2311.0,1.0,1.5,0.5,1,2,1.0,0.0,6694194,100.0,12.59,158.47,0.1259,0.3051,0.0,0.0106,0.0,0.0,0.5135,0.229,3.91,1.32,0.0,0.1259,-25.0,0.0,-46.875,0.0,0.3051,0.0,0.0106,0.0
bd,0.6,0.12,0.12,1.0,0,0,0.0,0,0.2929,66395,20186,3623,30193,0.12,3623.0,1.0,1.5,0.5,1,2,1.0,0.0,6639458,100.0,12.6,158.84,0.126,0.3082,0.0,-0.0101,0.0,0.0,0.5327,0.2453,3.92,1.32,0.0,0.126,-25.0,0.0,-46.7391,0.0,0.3082,0.0,-0.0101,0.0
bd,0.6,0.2,0.2,1.0,0,0,0.0,0,0.2935,72014,19992,6008,30043,0.2,6008.0,1.0,1.5,0.5,1,2,1.0,0.0,7201568,100.0,12.57,157.91,0.1257,0.3047,0.0,-0.0136,0.0,0.0,0.5016,0.2241,3.92,1.32,0.0,0.1257,-25.0,0.0,-46.7391,0.0,0.3047,0.0,-0.0136,0.0
bd,0.75,0.08,0.08,1.0,0,0,0.0,0,0.2274,81248,22758,2722,34027,0.08,2722.0,1.0,1.5,0.5,1,2,1.0,0.0,8124858,100.0,12.58,158.2,0.1258,0.3107,0.0,0.0003,0.0,0.0,0.5904,0.3054,5.02,1.64,0.0,0.1258,-25.0,0.0,-31.7935,0.0,0.3107,0.0,0.0003,0.0
bd,0.75,0.12,0.12,1.0,0,0,0.0,0,0.227,78238,21571,3891,32430,0.12,3891.0,1.0,1.5,0.5,1,2,1.0,0.0,7823739,100.0,12.6,158.71,0.126,0.2965,0.0,0.0092,0.0,0.0,0.5889,0.3014,5.02,1.64,0.0,0.126,-25.0,0.0,-31.7935,0.0,0.2965,0.0,0.0092,0.0
bd,0.75,0.2,0.2,1.0,0,0,0.0,0,0.2277,85754,21318,6400,32004,0.2,6400.0,1.0,1.5,0.5,1,2,1.0,0.0,8575422,100.0,12.64,159.7,0.1264,0.3225,0.0,0.0019,0.0,0.0,0.558,0.2731,5.02,1.65,0.0,0.1264,-25.0,0.0,-31.7935,0.0,0.3225,0.0,0.0019,0.0
bd,0.9,0.08,0.08,1.0,0,0,0.0,0,0.1898,88685,26623,3190,39878,0.08,3190.0,1.0,1.5,0.5,1,2,1.0,0.0,8868570,100.0,12.58,158.17,0.1258,0.3406,0.0,-0.0056,0.0,0.0,0.6731,0.3982,6.12,1.96,0.0,0.1258,-25.0,0.0,-16.8478,0.0,0.3406,0.0,-0.0056,0.0
bd,0.9,0.12,0.12,1.0,0,0,0.0,0,0.1894,100000,28550,5160,43008,0.12,5160.0,1.0,1.51,0.5,1,2,1.0,0.0,9999919,100.0,12.59,158.62,0.1259,0.3683,0.0,-0.0012,0.0,0.0,0.6514,0.3804,6.12,1.95,0.0,0.1259,-24.5,0.0,-16.8478,0.0,0.3683,0.0,-0.0012,0.0
bd,0.9,0.2,0.2,1.0,0,0,0.0,0,0.1889,100000,32747,9842,49210,0.2,9842.0,1.0,1.5,0.5,1,2,1.0,0.0,9999839,100.0,12.59,158.44,0.1259,0.3743,0.0,0.0007,0.0,0.0,0.6922,0.4263,6.13,1.95,0.0,0.1259,-25.0,0.0,-16.712,0.0,0.3743,0.0,0.0007,0.0
be,0.6,0.08,0.08,1.0,0,0,0.0002,0,0.4785,61397,667,268,3360,0.0798,268.0,0.767,5.04,2.9,1,11,1.26,0.44,6139792,100.0,12.54,157.18,0.1254,0.005,-0.1043,0.0424,0.0419,0.0027,0.8725,0.6818,292.6,176.49,0.0,0.1254,-7.1823,-15.4362,-40.5212,0.0005,0.005,-0.0571,0.0283,0.0179
be,0.6,0.12,0.12,1.0,0,0,0.0,0,0.4766,71165,631,377,3142,0.12,377.0,0.8994,4.98,2.97,1,11,1.26,0.44,7116411,100.0,12.6,158.75,0.126,0.004,-0.0302,-0.0006,0.0045,0.0022,0.8299,0.6049,294.7,171.0,0.0,0.126,-8.2873,-15.4362,-40.0943,0.0,0.004,0.017,-0.0147,-0.0195
be,0.6,0.2,0.2,1.0,0,0,0.0003,0,0.4785,64150,629,620,3104,0.1997,620.0,0.9969,4.93,3.0,1,11,1.27,0.44,6414870,100.0,12.61,158.91,0.1261,0.0051,-0.0734,0.0002,0.0757,0.0034,0.8568,0.6499,297.57,179.63,0.0,0.1261,-9.2081,-14.7651,-39.5109,0.0012,0.0051,-0.0262,-0.0139,0.0517
be,0.75,0.08,0.08,1.0,0,0,0.0002,0,0.4786,73686,914,363,4549,0.0798,363.0,0.7928,4.98,2.93,1,11,1.24,0.43,7368551,100.0,12.52,156.74,0.1252,0.0082,-0.0488,0.0108,0.0205,0.003,0.9325,0.8068,369.59,223.8,0.0,0.1252,-8.2873,-16.7785,-24.8709,0.0008,0.0082,-0.0016,-0.0033,-0.0035
be,0.75,0.12,0.12,1.0,0,0,0.0002,0,0.4776,79743,765,461,3847,0.1198,461.0,0.8781,5.03,2.97,1,11,1.24,0.42,7974226,100.0,12.58,158.25,0.1258,0.0091,-0.0427,0.0359,-0.0559,0.0028,0.8923,0.7181,366.99,222.81,0.0,0.1258,-7.3665,-16.7785,-25.3994,0.0006,0.0091,0.0045,0.0218,-0.0799
be,0.75,0.2,0.2,1.0,0,0,0.0,0,0.4772,89320,737,738,3690,0.2,738.0,0.9951,5.01,2.89,1,11,1.27,0.44,8932109,100.0,12.58,158.24,0.1258,0.0057,-0.0513,0.0322,0.0232,0.0032,0.8583,0.6555,365.39,220.85,0.0,0.1258,-7.7348,-14.7651,-25.7247,0.001,0.0057,-0.0041,0.0181,-0.0008
be,0.9,0.08,0.08,1.0,0,0,0.0001,0,0.4776,100000,951,377,4719,0.0799,377.0,0.7288,4.96,2.87,1,11,1.24,0.42,9999907,100.0,12.58,158.19,0.1258,0.0016,-0.0073,0.0045,0.0197,0.0026,0.9186,0.7767,443.69,268.55,0.0,0.1258,-8.6556,-16.7785,-9.8081,0.0004,0.0016,0.0399,-0.0096,-0.0043
be,0.9,0.12,0.12,1.0,0,0,0.0,0,0.478,100000,1014,608,5068,0.12,608.0,0.9076,5.0,2.9,1,11,1.24,0.42,9999909,100.0,12.59,158.48,0.1259,0.0082,-0.0469,0.0076,-0.0476,0.0027,0.926,0.7946,444.59,268.43,0.0,0.1259,-7.919,-16.7785,-9.6252,0.0005,0.0082,0.0003,-0.0065,-0.0716
be,0.9,0.2,0.2,1.0,0,0,0.0,0,0.4775,98842,1019,1018,5091,0.2,1018.0,1.0,5.0,2.92,1,11,1.26,0.44,9884217,100.0,12.56,157.8,0.1256,0.0086,-0.0931,0.0112,0.0038,0.0025,0.9285,0.7996,442.58,264.16,0.0,0.1256,-7.919,-15.4362,-10.0337,0.0003,0.0086,-0.0459,-0.0029,-0.0202
bf,0.6,0.08,0.08,0.8746,0,0,0.0,0,0.4764,61506,695,9147,114342,0.08,365.88,1.0,164.52,81.15,25,346,7.02,1.95,6150556,100.0,12.62,159.33,0.1262,0.013,0.0061,0.0431,0.0167,0.0029,0.8912,0.7138,305.52,176.44,0.0,0.1262,-1.0049,-6.0241,-40.0165,0.0006,0.013,0.0022,-0.0113,0.0308
bf,0.6,0.12,0.12,0.8651,0,0,0.0,0,0.4766,69883,697,13870,115590,0.12,577.9167,1.0,165.84,81.67,24,345,6.93,1.85,6988240,100.0,12.62,159.26,0.1262,0.0083,0.0158,0.0341,-0.0066,0.003,0.8625,0.6663,306.41,179.82,0.0,0.1262,-0.2106,-7.2289,-39.8418,0.0007,0.0083,0.0119,-0.0203,0.0075
bf,0.6,0.2,0.2,0.8074,0,0,0.0,0,0.4755,63108,739,24769,123849,0.2,952.6538,1.0,167.59,80.85,26,348,6.87,1.89,6310832,100.0,12.58,158.22,0.1258,0.0066,0.0064,0.0344,0.001,0.0021,0.8946,0.7245,305.74,178.65,0.0,0.1258,0.8424,-8.0321,-39.9733,-0.0002,0.0066,0.0025,-0.02,0.0151
bf,0.75,0.08,0.08,0.789,0,0,0.0,0,0.4762,77459,770,10139,126738,0.08,422.4583,1.0,164.59,82.54,24,347,6.93,1.91,7745922,100.0,12.62,159.25,0.1262,0.008,-0.0038,0.0572,0.0165,0.0031,0.9046,0.7455,381.62,227.34,0.0,0.1262,-0.9628,-7.2289,-25.0756,0.0008,0.008,-0.0077,0.0028,0.0306
bf,0.75,0.12,0.12,0.756,0,0,0.0,0,0.476,91837,804,15872,132267,0.12,610.4615,1.0,164.51,82.17,26,345,7.03,1.94,9183787,100.0,12.61,158.95,0.1261,0.0108,-0.001,0.063,0.0111,0.0028,0.8799,0.6956,380.58,219.62,0.0,0.1261,-1.0109,-5.8902,-25.2798,0.0005,0.0108,-0.0049,0.0086,0.0252
bf,0.75,0.2,0.2,0.7502,0,0,0.0,0,0.4759,84818,796,26660,133302,0.2,1066.4,1.0,167.46,82.66,25,351,7.0,1.97,8481847,100.0,12.55,157.55,0.1255,0.0059,-0.0435,0.0689,-0.0647,0.0028,0.8948,0.7264,387.0,226.47,0.0,0.1255,0.7642,-6.2918,-24.0193,0.0005,0.0059,-0.0474,0.0145,-0.0506
bf,0.9,0.08,0.08,0.6817,0,0,0.0,0,0.4772,100000,884,11736,146702,0.08,469.44,1.0,165.95,81.74,25,355,6.99,1.96,10000034,100.0,12.59,158.44,0.1259,0.0132,-0.027,0.0896,-0.0151,0.0029,0.9127,0.7639,459.9,268.88,0.0,0.1259,-0.1444,-6.4257,-9.7067,0.0006,0.0132,-0.0309,0.0352,-0.001
bf,0.9,0.12,0.12,0.5583,0,0,0.0,0,0.4768,87536,1076,21494,179119,0.12,895.5833,1.0,166.47,81.54,24,351,7.0,1.95,8753600,100.0,12.6,158.81,0.126,0.0066,-0.0018,0.0743,-0.0095,0.003,0.9524,0.8596,460.29,272.67,0.0,0.126,0.1685,-6.2918,-9.6301,0.0007,0.0066,-0.0057,0.0199,0.0046
bf,0.9,0.2,0.2,0.6681,0,0,0.0,0,0.4766,84605,909,29937,149687,0.2,1151.4231,1.0,164.67,81.52,26,354,6.95,1.94,8460453,100.0,12.6,158.68,0.126,0.003,0.0109,0.0573,-0.0248,0.0033,0.9417,0.8284,453.28,267.5,0.0,0.126,-0.9146,-6.9612,-11.0064,0.001,0.003,0.007,0.0029,-0.0107
cd,0.6,0.08,0.08,1.0,0,0,0.0,0,0.2944,65305,18474,2214,27680,0.08,2214.0,1.0,1.5,0.5,1,2,1.0,0.0,19642010,300.77,177.07,31352.71,0.5887,0.3435,0.0,0.0033,0.0,0.0,0.5236,0.2276,3.91,1.33,0.0033,0.014,-25.0,0.0,-46.875,0.0,0.3425,0.0,0.0033,0.0
cd,0.6,0.12,0.12,1.0,0,0,0.0,0,0.2928,70200,20167,3627,30233,0.12,3627.0,1.0,1.5,0.5,1,2,1.0,0.0,21114335,300.77,177.49,31502.72,0.5901,0.3446,0.0,-0.0029,0.0,0.0,0.5283,0.2338,3.92,1.32,0.0033,0.0154,-25.0,0.0,-46.7391,0.0,0.3436,0.0,-0.0029,0.0
cd,0.6,0.2,0.2,1.0,0,0,0.0,0,0.2903,55987,20313,6092,30462,0.2,6092.0,1.0,1.5,0.5,1,2,1.0,0.0,16839284,300.77,177.84,31628.08,0.5913,0.3563,0.0,-0.0134,0.0,0.0,0.5999,0.2977,3.92,1.32,0.0033,0.0166,-25.0,0.0,-46.7391,0.0,0.3553,0.0,-0.0134,0.0
cd,0.75,0.08,0.08,1.0,0,0,0.0,0,0.2263,70171,24115,2897,36224,0.08,2897.0,1.0,1.5,0.5,1,2,1.0,0.0,21105577,300.77,178.03,31693.53,0.5919,0.3532,0.0,0.0061,0.0,0.0,0.679,0.3835,5.03,1.65,0.0033,0.0172,-25.0,0.0,-31.6576,0.0,0.3522,0.0,0.0061,0.0
cd,0.75,0.12,0.12,1.0,0,0,0.0,0,0.2276,77369,27110,4882,40691,0.12,4882.0,1.0,1.5,0.5,1,2,1.0,0.0,23270594,300.77,178.16,31739.73,0.5923,0.3512,0.0,0.0049,0.0,0.0,0.6852,0.3895,5.02,1.66,0.0033,0.0176,-25.0,0.0,-31.7935,0.0,0.3502,0.0,0.0049,0.0
cd,0.75,0.2,0.2,1.0,0,0,0.0,0,0.2271,85411,22535,6754,33773,0.2,6754.0,1.0,1.5,0.5,1,2,1.0,0.0,25689504,300.78,177.23,31411.86,0.5893,0.3375,0.0,-0.0029,0.0,0.0,0.5988,0.2957,5.03,1.66,0.0066,0.0146,-25.0,0.0,-31.6576,0.0,0.3365,0.0,-0.0029,0.0
cd,0.9,0.08,0.08,1.0,0,0,0.0,0,0.1897,83152,31178,3745,46822,0.08,3745.0,1.0,1.5,0.5,1,2,1.0,0.0,25009892,300.77,177.08,31356.72,0.5887,0.3668,0.0,-0.015,0.0,0.0,0.7686,0.5034,6.11,1.95,0.0033,0.014,-25.0,0.0,-16.9837,0.0,0.3658,0.0,-0.015,0.0
cd,0.9,0.12,0.12,1.0,0,0,0.0,0,0.1896,100000,30557,5499,45830,0.12,5499.0,1.0,1.5,0.5,1,2,1.0,0.0,30077324,300.77,178.11,31723.61,0.5922,0.3598,0.0,-0.0039,0.0,0.002,0.711,0.4247,6.12,1.96,0.0033,0.0175,-25.0,0.0,-16.8478,0.002,0.3588,0.0,-0.0039,0.0
cd,0.9,0.2,0.2,1.0,0,0,0.0,0,0.1896,100000,32709,9817,49085,0.2,9817.0,1.0,1.5,0.5,1,2,1.0,0.0,30077213,300.77,177.41,31475.14,0.5899,0.3565,0.0,-0.0003,0.0,0.0,0.7298,0.4505,6.12,1.96,0.0033,0.0152,-25.0,0.0,-16.8478,0.0,0.3555,0.0,-0.0003,0.0
ce,0.6,0.08,0.08,1.0,0,0,0.0001,0,0.4766,60503,603,238,2980,0.0799,238.0,0.7035,4.94,2.88,1,11,1.25,0.43,18197555,300.77,177.83,31623.02,0.5912,0.0863,-0.0309,0.0007,-0.0261,0.0027,0.8923,0.7032,298.43,175.44,0.0033,0.0165,-9.0239,-16.1074,-39.3361,0.0005,0.0894,0.0163,-0.0134,-0.0501
ce,0.6,0.12,0.12,1.0,0,0,0.0002,0,0.4776,69662,649,396,3305,0.1198,396.0,0.899,5.09,2.91,1,11,1.25,0.43,20952386,300.77,177.58,31534.67,0.5904,0.0869,-0.0574,0.0403,-0.0287,0.0022,0.8735,0.6712,297.26,178.88,0.0033,0.0157,-6.2615,-16.1074,-39.5739,0.0,0.09,-0.0102,0.0262,-0.0527
ce,0.6,0.2,0.2,1.0,0,0,0.0003,0,0.477,70655,624,618,3094,0.1997,618.0,0.9965,4.96,2.92,1,11,1.25,0.43,21251418,300.78,177.54,31520.21,0.5903,0.0844,-0.0518,-0.0224,-0.0301,0.0026,0.8615,0.6424,293.22,173.16,0.0066,0.0156,-8.6556,-16.1074,-40.3952,0.0004,0.0875,-0.0046,-0.0365,-0.0541
ce,0.75,0.08,0.08,1.0,0,0,0.0001,0,0.4785,70491,795,313,3917,0.0799,313.0,0.7327,4.93,2.93,1,11,1.26,0.44,21201852,300.77,177.67,31565.32,0.5907,0.0901,-0.0539,0.0356,0.0239,0.0031,0.9457,0.8275,369.73,222.36,0.0033,0.016,-9.2081,-15.4362,-24.8425,0.0009,0.0932,-0.0067,0.0215,-0.0001
ce,0.75,0.12,0.12,1.0,0,0,0.0002,0,0.4777,70079,781,462,3857,0.1198,462.0,0.8842,4.94,2.91,1,11,1.23,0.42,21077870,300.77,177.52,31512.3,0.5902,0.0978,0.0064,-0.0081,0.0315,0.003,0.9426,0.8206,367.61,220.56,0.0033,0.0155,-9.0239,-17.4497,-25.2734,0.0008,0.1009,0.0536,-0.0222,0.0075
ce,0.75,0.2,0.2,1.0,0,0,0.0002,0,0.4785,82461,772,756,3784,0.1998,756.0,0.995,4.9,2.94,1,11,1.25,0.43,24801984,300.77,177.27,31426.42,0.5894,0.0839,-0.0221,0.0029,0.0288,0.0028,0.9172,0.7595,372.81,223.24,0.0033,0.0147,-9.7606,-16.1074,-24.2164,0.0006,0.087,0.0251,-0.0112,0.0048
ce,0.9,0.08,0.08,1.0,0,0,0.0002,0,0.4781,100000,971,387,4849,0.0798,387.0,0.744,4.99,2.92,1,11,1.25,0.43,30077340,300.77,177.68,31570.57,0.5907,0.0946,-0.0191,0.0221,-0.0081,0.0019,0.9459,0.8301,440.38,265.43,0.0033,0.016,-8.1031,-16.1074,-10.481,-0.0003,0.0977,0.0281,0.008,-0.0321
ce,0.9,0.12,0.12,1.0,0,0,0.0001,0,0.4776,100000,1079,644,5370,0.1199,644.0,0.9351,4.98,2.9,1,11,1.25,0.43,30077305,300.77,177.57,31529.67,0.5904,0.0958,-0.0652,0.0265,0.0168,0.0023,0.956,0.8614,444.15,263.8,0.0033,0.0157,-8.2873,-16.1074,-9.7146,0.0001,0.0989,-0.018,0.0124,-0.0072
ce,0.9,0.2,0.2,1.0,0,0,0.0,0,0.4779,86076,852,841,4205,0.2,841.0,0.9909,4.94,2.92,1,11,1.23,0.42,25888948,300.77,176.76,31242.83,0.5877,0.0891,-0.0173,-0.0009,0.0368,0.0025,0.9492,0.8386,438.98,260.6,0.0033,0.013,-9.0239,-17.4497,-10.7655,0.0003,0.0922,0.0299,-0.015,0.0128
cf,0.6,0.08,0.08,1.0,0,0,0.0,0,0.4761,54983,616,7942,99281,0.08,330.9167,1.0,161.17,79.3,24,352,6.87,1.91,16537592,300.78,177.96,31668.77,0.5917,0.0858,-0.0231,0.016,0.0235,0.0032,0.9207,0.7674,309.88,177.76,0.0066,0.017,-3.0206,-8.0321,-39.1605,0.0009,0.0913,-0.027,-0.0384,0.0376
cf,0.6,0.12,0.12,0.8984,0,0,0.0,0,0.4768,60188,685,13357,111310,0.12,556.5417,1.0,162.5,81.82,24,344,6.98,1.97,18103198,300.78,177.49,31501.57,0.5901,0.0867,-0.0232,0.0264,0.0112,0.002,0.9143,0.7574,298.46,179.99,0.0066,0.0154,-2.2204,-6.5596,-41.4026,-0.0003,0.0922,-0.0271,-0.028,0.0253
cf,0.6,0.2,0.2,0.8932,0,0,0.0,0,0.477,57420,680,22392,111961,0.2,895.68,1.0,164.65,81.36,25,349,6.98,1.89,17270561,300.78,177.58,31534.84,0.5904,0.0885,-0.0089,0.0324,-0.0005,0.0034,0.9245,0.7767,303.48,175.12,0.0066,0.0157,-0.9267,-6.5596,-40.417,0.0011,0.094,-0.0128,-0.022,0.0136
cf,0.75,0.08,0.08,0.8595,0,0,0.0,0,0.4773,89531,695,9308,116353,0.08,387.8333,1.0,167.41,81.76,24,353,6.88,1.92,26928474,300.77,177.31,31438.34,0.5895,0.08,0.0015,0.0825,-0.0224,0.0026,0.8908,0.7009,384.61,217.32,0.0033,0.0148,0.7341,-7.8983,-24.4886,0.0003,0.0855,-0.0024,0.0281,-0.0083
cf,0.75,0.12,0.12,0.6821,0,0,0.0,0,0.4767,85315,893,17592,146603,0.12,703.68,1.0,164.17,81.12,25,356,6.99,1.94,25660435,300.77,177.55,31523.32,0.5903,0.0922,-0.0155,0.0653,-0.0201,0.0019,0.9357,0.8067,381.11,222.06,0.0033,0.0156,-1.2155,-6.4257,-25.1757,-0.0004,0.0977,-0.0194,0.0109,-0.006
cf,0.75,0.2,0.2,0.7072,0,0,0.0,0,0.4763,75957,845,28281,141409,0.2,1047.4444,1.0,167.35,81.09,27,351,6.9,1.91,22845756,300.77,177.88,31640.09,0.5914,0.0864,-0.0017,0.0374,-0.0199,0.0022,0.9478,0.833,383.92,226.86,0.0033,0.0167,0.698,-7.6305,-24.624,-0.0001,0.0919,-0.0056,-0.017,-0.0058
cf,0.9,0.08,0.08,0.557,0,0,0.0,0,0.4771,93767,1081,14363,179544,0.08,574.52,1.0,166.09,82.05,25,353,6.93,1.91,28202456,300.77,177.01,31331.47,0.5885,0.1003,-0.0016,0.0596,-0.0226,0.0025,0.9659,0.8853,456.58,266.62,0.0033,0.0138,-0.0602,-7.2289,-10.3585,0.0002,0.1058,-0.0055,0.0052,-0.0085
cf,0.9,0.12,0.12,0.6662,0,0,0.0,0,0.4771,99017,899,18013,150116,0.12,667.1481,1.0,166.98,82.54,27,350,7.05,1.92,29781878,300.78,176.99,31324.13,0.5884,0.094,0.0083,0.0576,0.0232,0.0025,0.94,0.8153,449.35,263.87,0.0066,0.0137,0.4754,-5.6225,-11.778,0.0002,0.0995,0.0044,0.0032,0.0373
cf,0.9,0.2,0.2,0.7156,0,0,0.0,0,0.4778,83020,846,27948,139744,0.2,1164.5,1.0,165.18,81.99,24,352,6.98,1.97,24970253,300.77,177.6,31540.35,0.5905,0.093,-0.0084,0.0497,-0.03,0.0028,0.9577,0.8602,458.61,266.7,0.0033,0.0158,-0.6077,-6.5596,-9.9599,0.0005,0.0985,-0.0123,-0.0047,-0.0159
de,0.6,0.08,0.08,1.0,0,0,0.0002,0,0.4773,56881,690,275,3445,0.0798,275.0,0.7657,4.99,2.9,1,11,1.24,0.43,3697273,65.0,8.18,66.93,0.1259,-0.0022,-0.0348,-0.0046,0.019,0.0028,0.8874,0.7188,302.33,179.18,0.0,0.1259,-8.1031,-16.7785,-38.5433,0.0006,-0.0022,0.0124,-0.0187,-0.005
de,0.6,0.12,0.12,1.0,0,0,0.0,0,0.4783,56743,725,426,3550,0.12,426.0,0.9329,4.9,2.91,1,11,1.23,0.42,3688378,65.0,8.2,67.24,0.1261,0.0062,0.0544,0.0365,0.0572,0.0037,0.8925,0.7283,294.84,173.3,0.0,0.1261,-9.7606,-17.4497,-40.0659,0.0015,0.0062,0.1016,0.0224,0.0332
de,0.6,0.2,0.2,1.0,0,0,0.0002,0,0.4758,46779,636,657,3288,0.1998,657.0,0.9989,5.17,2.95,1,11,1.23,0.42,3040536,65.0,8.18,66.95,0.1259,0.0066,-0.0315,0.0151,-0.051,0.004,0.915,0.7763,302.59,177.84,0.0,0.1259,-4.7882,-17.4497,-38.4905,0.0018,0.0066,0.0157,0.001,-0.075
de,0.75,0.08,0.08,1.0,0,0,0.0001,0,0.4773,69117,888,355,4443,0.0799,355.0,0.7915,5.0,2.96,1,11,1.25,0.43,4492522,65.0,8.2,67.22,0.1261,0.0032,-0.0403,0.004,0.0643,0.003,0.9269,0.8016,369.98,219.59,0.0,0.1261,-7.919,-16.1074,-24.7916,0.0008,0.0032,0.0069,-0.0101,0.0403
de,0.75,0.12,0.12,1.0,0,0,0.0001,0,0.4776,63095,755,458,3819,0.1199,458.0,0.8879,5.06,2.93,1,11,1.28,0.45,4101180,65.0,8.17,66.77,0.1257,0.0076,-0.0648,0.0243,0.0464,0.0044,0.9221,0.7903,371.87,221.36,0.0,0.1257,-6.814,-14.094,-24.4074,0.0022,0.0076,-0.0176,0.0102,0.0224
de,0.75,0.2,0.2,1.0,0,0,0.0002,0,0.4768,57554,789,795,3979,0.1998,795.0,0.9986,5.04,2.92,1,11,1.26,0.44,3740992,65.0,8.17,66.68,0.1256,-0.0008,-0.0522,0.0249,0.0147,0.0038,0.9415,0.8348,369.0,223.02,0.0,0.1256,-7.1823,-15.4362,-24.9909,0.0016,-0.0008,-0.005,0.0108,-0.0093
de,0.9,0.08,0.08,1.0,0,0,0.0002,0,0.4763,75180,894,357,4473,0.0798,357.0,0.7104,5.0,2.88,1,11,1.22,0.42,4886672,65.0,8.17,66.75,0.1257,0.005,0.0059,0.0244,0.0419,0.003,0.9419,0.8344,438.78,265.68,0.0,0.1257,-7.919,-18.1208,-10.8062,0.0008,0.005,0.0531,0.0103,0.0179
de,0.9,0.12,0.12,1.0,0,0,0.0001,0,0.4767,67774,1021,615,5130,0.1199,615.0,0.9172,5.02,2.91,1,11,1.24,0.43,4405289,65.0,8.18,66.87,0.1258,0.0021,-0.0094,0.0065,0.0051,0.004,0.9675,0.8994,444.3,265.01,0.0,0.1258,-7.5506,-16.7785,-9.6841,0.0018,0.0021,0.0378,-0.0076,-0.0189
de,0.9,0.2,0.2,1.0,0,0,0.0001,0,0.4762,74720,1078,1078,5392,0.1999,1078.0,1.0,5.0,2.92,1,11,1.25,0.44,4856891,65.0,8.15,66.47,0.1254,0.0139,-0.0354,-0.0057,0.0104,0.0035,0.959,0.8774,438.57,265.27,0.0,0.1254,-7.919,-16.1074,-10.8489,0.0013,0.0139,0.0118,-0.0198,-0.0136
df,0.6,0.08,0.08,0.822,0,0,0.0,0,0.4754,48721,729,9732,121655,0.08,374.3077,1.0,166.88,82.23,26,348,6.9,1.96,3166778,65.0,8.21,67.36,0.1263,-0.0048,-0.0217,0.0385,-0.0104,0.0041,0.926,0.7977,302.82,179.13,0.0,0.1263,0.4152,-7.6305,-40.5466,0.0018,-0.0048,-0.0256,-0.0159,0.0037
df,0.6,0.12,0.12,0.8302,0,0,0.0,0,0.4754,52214,724,14453,120446,0.12,602.2083,1.0,166.36,81.48,24,354,6.86,1.88,3393888,65.0,8.17,66.78,0.1257,0.0058,0.0296,0.062,-0.0102,0.0038,0.9145,0.7753,307.25,177.62,0.0,0.1257,0.1023,-8.166,-39.6768,0.0015,0.0058,0.0257,0.0076,0.0039
df,0.6,0.2,0.2,0.914,0,0,0.0,0,0.4748,51925,669,21880,109404,0.2,875.2,1.0,163.53,81.89,25,351,6.95,1.94,3375103,65.0,8.19,67.01,0.1259,0.0098,-0.0062,0.0587,-0.0213,0.0033,0.9037,0.7531,306.98,179.37,0.0,0.1259,-1.6006,-6.9612,-39.7298,0.001,0.0098,-0.0101,0.0043,-0.0072
df,0.75,0.08,0.08,0.8422,0,0,0.0,0,0.4755,54729,727,9499,118740,0.08,379.96,1.0,163.33,81.93,25,359,7.05,1.95,3557325,65.0,8.19,67.12,0.126,0.0031,0.0547,0.0343,-0.038,0.0059,0.9461,0.8441,387.08,227.32,0.0,0.126,-1.7209,-5.6225,-24.0036,0.0036,0.0031,0.0508,-0.0201,-0.0239
df,0.75,0.12,0.12,0.687,0,0,0.0,0,0.4747,56207,878,17466,145558,0.12,727.75,1.0,165.78,81.83,24,348,6.94,1.9,3653484,65.0,8.2,67.17,0.1261,0.0065,0.0002,0.0886,0.0081,0.0041,0.9605,0.879,382.18,223.12,0.0,0.1261,-0.2467,-7.095,-24.9656,0.0018,0.0065,-0.0037,0.0342,0.0222
df,0.75,0.2,0.2,0.6736,0,0,0.0,0,0.4753,63536,895,29690,148450,0.2,1141.9231,1.0,165.87,80.95,26,358,6.95,1.9,4129779,65.0,8.18,66.97,0.1259,0.0053,0.0114,0.0394,0.0166,0.0027,0.9448,0.8401,376.99,222.34,0.0,0.1259,-0.1926,-6.9612,-25.9846,0.0004,0.0053,0.0075,-0.015,0.0307
df,0.9,0.08,0.08,0.6626,0,0,0.0,0,0.4754,86833,915,12072,150912,0.08,447.1111,1.0,164.93,81.91,27,351,6.99,1.96,5644002,65.0,8.19,67.1,0.126,0.1057,0.0039,0.0615,0.0056,0.0025,0.9249,0.8034,461.73,267.27,0.0,0.126,-0.7582,-6.4257,-9.3474,0.0002,0.1057,0.0,0.0071,0.0197
df,0.9,0.12,0.12,0.6793,0,0,0.0,0,0.4756,78475,881,17664,147208,0.12,630.8571,1.0,167.09,81.3,28,352,6.93,1.93,5100921,65.0,8.18,66.89,0.1258,0.0064,0.0012,0.0551,0.0254,0.003,0.9372,0.8265,453.62,264.93,0.0,0.1258,0.5415,-7.2289,-10.9396,0.0007,0.0064,-0.0027,0.0007,0.0395
df,0.9,0.2,0.2,0.6705,0,0,0.0,0,0.4765,75013,900,29827,149138,0.2,1242.7917,1.0,165.71,82.12,24,354,6.94,1.9,4875808,65.0,8.2,67.29,0.1262,0.0144,0.0283,0.0513,-0.0284,0.0042,0.9486,0.851,459.41,268.16,0.0,0.1262,-0.2888,-7.095,-9.8029,0.0019,0.0144,0.0244,-0.0031,-0.0143
ef,0.6,0.08,0.08,0.9817,0,0,0.0,0,0.4758,61377,617,8149,101864,0.08,325.96,1.0,165.1,82.7,25,351,6.97,1.9,7702250,125.49,73.84,5452.2,0.5884,0.1272,-0.0241,0.0794,0.0089,0.0026,0.9131,0.7435,307.33,180.26,0.0,0.0145,-0.6559,-6.6934,-39.6611,0.0003,0.1251,-0.028,0.025,0.023
ef,0.6,0.12,0.12,1.0,0,0,0.0,0,0.4759,60597,532,10587,88226,0.12,441.125,1.0,165.84,82.31,24,348,6.96,1.96,7604443,125.49,74.18,5502.87,0.5911,0.122,0.0021,0.0666,0.0081,0.0023,0.8878,0.6823,304.45,179.22,0.0,0.0172,-0.2106,-6.8273,-40.2266,0.0,0.1199,-0.0018,0.0122,0.0222
ef,0.6,0.2,0.2,0.8511,0,0,0.0,0,0.4771,58606,701,23498,117492,0.2,979.0833,1.0,167.61,82.25,24,349,6.93,1.92,7354702,125.49,74.2,5506.37,0.5913,0.1349,-0.0264,0.0253,-0.0257,0.0026,0.9409,0.8104,307.84,179.18,0.0,0.0174,0.8544,-7.2289,-39.561,0.0003,0.1328,-0.0303,-0.0291,-0.0116
ef,0.75,0.08,0.08,1.0,0,0,0.0,0,0.4773,74116,602,7891,98641,0.08,315.64,1.0,163.86,82.22,25,349,6.95,1.86,9300765,125.49,73.82,5448.98,0.5882,0.129,0.0154,0.0261,-0.0415,0.0021,0.9161,0.7486,384.63,226.11,0.0,0.0143,-1.402,-6.9612,-24.4846,-0.0002,0.1269,0.0115,-0.0283,-0.0274
ef,0.75,0.12,0.12,0.7508,0,0,0.0,0,0.4774,68733,806,15983,133195,0.12,639.32,1.0,165.25,82.17,25,352,6.94,1.87,8625374,125.49,73.88,5458.77,0.5888,0.1469,-0.0137,0.0697,-0.0185,0.0024,0.9616,0.8691,377.32,225.43,0.0,0.0149,-0.5656,-7.095,-25.9198,0.0001,0.1448,-0.0176,0.0153,-0.0044
ef,0.75,0.2,0.2,0.8214,0,0,0.0,0,0.4757,65291,733,24348,121744,0.2,936.4615,1.0,166.09,82.38,26,350,6.89,1.88,8193482,125.49,74.09,5489.07,0.5904,0.1394,-0.004,0.067,0.016,0.0027,0.9614,0.862,381.28,222.95,0.0,0.0165,-0.0602,-7.7644,-25.1423,0.0004,0.1373,-0.0079,0.0126,0.0301
ef,0.9,0.08,0.08,0.8141,0,0,0.0,0,0.4768,96192,742,9826,122835,0.08,393.04,1.0,165.55,80.54,25,356,6.88,1.9,12070961,125.49,73.85,5453.87,0.5885,0.1317,-0.0628,0.0748,-0.047,0.0023,0.9328,0.7914,455.99,267.58,0.0,0.0146,-0.3851,-7.8983,-10.4743,0.0,0.1296,-0.0667,0.0204,-0.0329
ef,0.9,0.12,0.12,0.5978,0,0,0.0,0,0.4765,74028,1005,20075,167293,0.12,772.1154,1.0,166.46,82.49,26,355,6.99,1.9,9289814,125.49,73.82,5449.75,0.5883,0.1556,-0.0103,0.0651,-0.015,0.0027,0.9854,0.9418,459.15,267.41,0.0,0.0144,0.1625,-6.4257,-9.8539,0.0004,0.1535,-0.0142,0.0107,-0.0009
ef,0.9,0.2,0.2,0.5939,0,0,0.0,0,0.4771,87639,1019,33678,168392,0.2,1347.12,1.0,165.25,81.08,25,351,6.98,1.97,10997705,125.49,73.99,5473.84,0.5896,0.1561,0.0165,0.0743,-0.0001,0.0028,0.976,0.9133,465.26,273.88,0.0,0.0157,-0.5656,-6.5596,-8.6543,0.0005,0.154,0.0126,0.0199,0.014
